,image_id ,predicted_class
0,1168548602317220,Negative
1,100414884507915,Negative
2,1122086869411936,Negative
3,1352335409312034,Positive
4,1657070088000181,Positive
5,1525506123854414,Positive
6,1100331488538948,Positive
7,115236330077551,Negative
8,150525316484861,Negative
9,1003000195528864,Negative
10,1745496505671611,Negative
11,1328718791066265,Positive
12,112709280627341,Negative
13,1664339902306227,Positive
14,1018417649272125,Positive
15,119315348720731,Negative
16,174133957602885,Negative
17,1621273800830538,Negative
18,1194380664870619,Positive
19,135337446011228,Negative
20,1052920341788036,Negative
21,1580651102392727,Negative
22,1249034665476483,Negative
23,1145001991395315,Positive
24,1099541886719533,Negative
25,13278261614906,Negative
26,1555941275657283,Negative
27,1199904841937908,Positive
28,154738270323922,Negative
29,1242442715694694,Positive
30,1395709942071866,Positive
31,1778878321178523,Positive
32,1634380595090450,Negative
33,1176784395495425,Positive
34,1134376741876885,Positive
35,1631660163356678,Negative
36,1552174824654624,Positive
37,1648055030641251,Negative
38,1438868100413847,Negative
39,1787849325739983,Positive
40,1450656571354862,Negative
41,1576790537683124,Positive
42,1705079052279472,Positive
43,1417083598549877,Positive
44,1743087612971865,Negative
45,1714960009433622,Negative
46,1415646750058618,Positive
47,1704977973139342,Positive
48,1583764225161007,Positive
49,1119528317450109,Negative
50,1338050840769660,Positive
51,1407394345524836,Negative
52,1724745692331849,Negative
53,1550780674564935,Negative
54,1152169212222815,Negative
55,1441580311979025,Positive
56,1091105977693768,Negative
57,1642369984882902,Positive
58,1757622070701686,Positive
59,1414017568987539,Positive
60,160946871700256,Positive
61,1577127560598307,Negative
62,110054741941138,Positive
63,1513667659737561,Positive
64,1578095257429079,Negative
65,1143274983957504,Negative
66,1559706017536029,Negative
67,1069416561175132,Positive
68,1136376134456847,Negative
69,1067596016288634,Positive
70,1687987306638407,Negative
71,1322851803070363,Positive
72,1200444263919474,Positive
73,1449359658481127,Positive
74,1215523812078804,Negative
75,1685826018169292,Positive
76,1788695619747160,Negative
77,1196421740619524,Negative
78,1602338532726921,Negative
79,1133086387228868,Negative
80,1080812882002597,Negative
81,1116259369794348,Positive
82,1445011831208621,Positive
83,1714152842133390,Positive
84,1582309232704260,Negative
85,1424357325947026,Positive
86,1671500578718604,Negative
87,1238227910384896,Positive
88,1136808331596853,Negative
89,151572834139617,Positive
90,1557498549474769,Negative
91,1153524880103284,Negative
92,1010071041146214,Positive
93,1731770233688564,Negative
94,1348725190623141,Positive
95,1412477469657138,Negative
96,1754651554230981,Negative
97,1236624236710871,Negative
98,1030100800539944,Negative
99,1007996080564288,Positive
100,1570575908774763,Negative
101,1724755598541916,Negative
102,1679438000903402,Negative
103,1090658531217766,Negative
104,1413928963715955,Positive
105,1424727441801928,Negative
106,1517085281399988,Negative
107,1589290162583214,Positive
108,1681194384944323,Negative
109,1048654569933823,Negative
110,1049041503665068,Negative
111,160571828502743,Negative
112,1042953891843063,Positive
113,1146435642325278,Positive
114,1333949607509479,Positive
115,1535072993469818,Negative
116,1056985265517321,Negative
117,1785435468169200,Negative
118,1333101009843112,Negative
119,121230101620684,Negative
120,1209357958700598,Positive
121,1406220742928651,Positive
122,1440578218650550,Negative
123,1403165510783147,Negative
124,1202628016961193,Positive
125,1198550389088642,Negative
126,1068806808981436,Negative
127,1046090859735975,Negative
128,169866094061368,Negative
129,139928031044414,Positive
130,169836980220425,Negative
131,1216422122412135,Negative
132,1362399043461217,Positive
133,1686000395232198,Positive
134,1672893686491587,Negative
135,1209942448637578,Negative
136,1115087089933347,Positive
137,1449050082055014,Negative
138,1606816475311806,Positive
139,1130950209993739,Negative
140,1079563732439038,Positive
141,1659760287019592,Negative
142,144707280983078,Negative
143,1484323064705553,Negative
144,1397475340715163,Negative
145,1227867941030078,Negative
146,1178119483457767,Negative
147,1580538258339376,Positive
148,1067264337993994,Negative
149,1531250421695951,Positive
150,1789236621499784,Negative
151,1687077554236468,Positive
152,1634885038390183,Negative
153,1594602674591160,Negative
154,1639276872836852,Negative
155,1625928739869575,Negative
156,1108458693541643,Positive
157,1005105141165163,Negative
158,1718566945377562,Positive
159,151257942830496,Positive
160,1781889864529258,Positive
161,1040108699715274,Positive
162,1598804728884340,Negative
163,1345762601298103,Positive
164,1677096568038146,Negative
165,1438727854556894,Positive
166,1714003582630437,Negative
167,1787577672095130,Negative
168,1330161943008075,Negative
169,1708548782998607,Negative
170,1645732392835558,Positive
171,1530600545196807,Negative
172,1469445735254494,Negative
173,1373710046441797,Positive
174,1679722288754823,Positive
175,1203194936849611,Negative
176,1574729685493384,Positive
177,1480557836720981,Negative
178,1204293898709449,Negative
179,1535007811636566,Negative
180,1018897850390162,Negative
181,1042386933467721,Positive
182,1684808603628048,Positive
183,1186560678974121,Positive
184,1013558286535260,Negative
185,1774043063513697,Positive
186,1522378374208143,Negative
187,1778463301643634,Positive
188,115199538562578,Negative
189,147937992613165,Negative
190,1669635349739794,Positive
191,1575507806398198,Positive
192,1370956798333331,Negative
193,1217747725098606,Negative
194,1521945087356267,Positive
195,1102418063381793,Positive
196,1349207744786907,Negative
197,1673383199247629,Negative
198,1144416471567407,Positive
199,1141391499686347,Positive
200,1436968056517805,Positive
201,1721373796627308,Positive
202,1546472689880468,Negative
203,1348105652585868,Negative
204,1113045862829350,Positive
205,1666010889861828,Positive
206,1546830509521436,Positive
207,1010608023623157,Negative
208,1483913219520416,Negative
209,1765701707708093,Positive
210,1355276381715401,Negative
211,1445981201088491,Positive
212,1414572210068958,Positive
213,1419709300428415,Negative
214,1527763381980749,Negative
215,1114400454251105,Positive
216,1768541164390555,Negative
217,1020275567842999,Negative
218,1548438336076527,Positive
219,1619347472319992,Positive
220,1521132501881715,Negative
221,1355418092538548,Positive
222,1603480773226390,Positive
223,1113884770784567,Positive
224,1462630007668295,Positive
225,1729387687964836,Positive
226,1451217228430855,Positive
227,1704406133015390,Negative
228,121897217364607,Positive
229,1054353983887563,Positive
230,1454317249616651,Positive
231,1143386938211112,Negative
232,1436309033047891,Negative
233,1429247496492289,Negative
234,1337593218249918,Negative
235,121719379235382,Positive
236,1528454958349690,Negative
237,1727527132462578,Positive
238,1555205687307850,Negative
239,1211722735674616,Negative
240,123374286596229,Positive
241,1344287083704350,Positive
242,1238672874886233,Negative
243,1772925092212354,Positive
244,1525620619517741,Negative
245,1455249653537530,Negative
246,1393479969006695,Positive
247,1486916274212972,Positive
248,1458287056113953,Positive
249,1745655181315940,Negative
250,1427612872552027,Positive
251,1726764986624031,Negative
252,1206554651113027,Positive
253,1023647856545897,Negative
254,1001470542104712,Negative
255,159400450662769,Negative
256,1599053995750388,Positive
257,159091453138817,Positive
258,1427224988204794,Negative
259,1540058216630548,Negative
260,1068874355295874,Negative
261,1377576147121138,Positive
262,1376172085728902,Positive
263,1203174948173338,Positive
264,122059940947033,Positive
265,1681904665993935,Positive
266,1545226762109566,Positive
267,150257956774325,Positive
268,1242637398607598,Negative
269,1163659798049569,Positive
270,1009015077842413,Negative
271,1428722270639424,Negative
272,1659979830358269,Negative
273,1311890693082411,Positive
274,1095940049949634,Positive
275,1011053417335275,Positive
276,1650207623094546,Negative
277,1373773680683464,Positive
278,1104959358994246,Positive
279,12396267842927,Negative
280,1187174007272847,Negative
281,1700152458831840,Negative
282,1350310927909551,Positive
283,1424732897505679,Negative
284,1113783086677487,Positive
285,1723465912200848,Positive
286,1503700488692534,Positive
287,1013263950320460,Negative
288,1017439149430722,Positive
289,1510997208092166,Negative
290,1053291438390620,Positive
291,1539754598780521,Positive
292,1610177377357593,Positive
293,1055268219283261,Negative
294,169785068215012,Negative
295,1507773687139073,Positive
296,1220923664023413,Positive
297,1032519539571725,Negative
298,1754663792210032,Negative
299,1502614615687472,Positive
300,1133016343436270,Positive
301,1342266521961124,Negative
302,1677039251108608,Positive
303,1192649374330326,Negative
304,1774280006950861,Negative
305,142417138312861,Positive
306,1389012829552480,Negative
307,1179640091296240,Positive
308,1551486096457730,Positive
309,1695578082115899,Positive
310,1023958922328362,Negative
311,1706932543393040,Positive
312,1627966977559340,Positive
313,1360234496669467,Negative
314,1405478616540187,Positive
315,1572331863982675,Negative
316,1514751596908074,Positive
317,1048736028578849,Negative
318,1167257668124074,Positive
319,1501498582326346,Negative
320,1437229222339140,Positive
321,1500216008041770,Positive
322,1000502603639355,Negative
323,13207044444577,Positive
324,1242519113518587,Negative
325,1431087008288788,Positive
326,1786334289416123,Negative
327,1239007261866237,Positive
328,1462629092816419,Negative
329,1052550739243061,Negative
330,136177286170610,Positive
331,1753855563708443,Negative
332,1320745742874483,Negative
333,1157699813015508,Negative
334,1435534696585700,Positive
335,1500081832962648,Negative
336,1246542967153077,Negative
337,142906451996414,Negative
338,1572144090290144,Positive
339,1024659615175773,Negative
340,1718915978761036,Positive
341,1622989166413016,Negative
342,1630854152459077,Negative
343,1715538259380032,Negative
344,1754795117831820,Negative
345,1193973769920452,Positive
346,1510389288901159,Positive
347,11696842966073,Negative
348,1441309799407868,Negative
349,1101504761723788,Negative
350,1357941698781579,Positive
351,1520537878321904,Positive
352,1212393420901032,Negative
353,1722872263199179,Positive
354,1028040261452230,Positive
355,1204974080866107,Negative
356,1773013691368963,Positive
357,1550071097348337,Negative
358,1348931272125436,Negative
359,1607057859076471,Positive
360,1001567159154475,Positive
361,142235266323786,Positive
362,1701384485471690,Negative
363,1431186165097846,Positive
364,1743730797951947,Negative
365,132473638051261,Negative
366,1745184909348267,Positive
367,1180672087796058,Negative
368,1762679641204182,Positive
369,15272720664965,Positive
370,140853543489480,Positive
371,1315415682782028,Negative
372,1689848343985370,Positive
373,1316937104232130,Positive
374,1413253484672458,Negative
375,1168738571140431,Positive
376,1388064312347716,Positive
377,1096686683976904,Negative
378,1421355492068786,Positive
379,1478968574683083,Positive
380,1699160805871695,Negative
381,1763090563562111,Positive
382,1655569367309065,Positive
383,1754018977403130,Negative
384,1224348366574199,Positive
385,1694734466667350,Negative
386,1394019872636015,Positive
387,1393559491155563,Positive
388,1409960087478812,Positive
389,1550999122113316,Positive
390,1066782995066367,Negative
391,1764686731400699,Negative
392,1683865988259665,Negative
393,1079496999597482,Positive
394,1008383552085473,Negative
395,1581684547876498,Positive
396,1534894174165390,Negative
397,1519438087231960,Negative
398,1606704471671831,Positive
399,1519485348918186,Negative
400,1077862083242896,Negative
401,1140308222472858,Positive
402,134297748178631,Negative
403,1373495306425235,Negative
404,1531005950743932,Positive
405,1741453268283480,Positive
406,1563426821824454,Positive
407,1410513251062607,Positive
408,1217142001809634,Positive
409,1690983465831065,Negative
410,1194909300897455,Negative
411,1665788997297123,Negative
412,173015531706205,Negative
413,1773042658884532,Negative
414,1672832064081500,Positive
415,1481758569828588,Positive
416,1002456236828977,Positive
417,174529680860026,Negative
418,1580031079320385,Negative
419,1234045910879053,Positive
420,1420420973962294,Negative
421,1438136590617812,Negative
422,1005705916066314,Negative
423,1717620116318601,Positive
424,1519016325455150,Positive
425,1495470031865075,Negative
426,1481978253768442,Positive
427,1476031701398753,Positive
428,1498355986479464,Positive
429,1227332922610341,Negative
430,1021571855714350,Positive
431,1160728831914029,Positive
432,1056441428363583,Negative
433,1000680161643094,Negative
434,1655016035557408,Negative
435,1530032482693395,Negative
436,1014890221518151,Negative
437,136281701144646,Negative
438,1358757056545349,Negative
439,1199580616499179,Negative
440,1035856092364324,Negative
441,1609288774314901,Negative
442,1247460417782625,Positive
443,1452207968143730,Negative
444,1398827752893058,Positive
445,1026137221387728,Negative
446,1729734969453085,Positive
447,1004539611112233,Negative
448,1051209052729324,Negative
449,1120859708413484,Negative
450,1755543391505632,Positive
451,1178372319937438,Negative
452,1342440282919783,Positive
453,1691459418974414,Negative
454,1189791099512407,Negative
455,1645857909745889,Positive
456,1683806972910272,Positive
457,1136090194681730,Positive
458,1103531391853530,Negative
459,1202050204284234,Negative
460,10158635641126,Negative
461,1059833863003434,Negative
462,1050681088732172,Negative
463,1697420600113523,Negative
464,1193823168797823,Negative
465,1204617552766417,Positive
466,1477223801602406,Positive
467,148008454816870,Negative
468,1101409438325776,Negative
469,1499443641251808,Negative
470,164953952179349,Negative
471,1347755127108865,Negative
472,100674892849406,Positive
473,1090913214184561,Negative
474,1435323588423323,Positive
475,1488961304581719,Positive
476,1569903812597858,Negative
477,1345858681168375,Negative
478,1038758231327974,Positive
479,177185529886895,Positive
480,1094757521225988,Negative
481,155417252875675,Positive
482,1336848438971717,Negative
483,1046077855143703,Negative
484,1052923545115399,Positive
485,1205408532935809,Negative
486,1098589242641573,Positive
487,1353240930849903,Negative
488,1700639839607269,Negative
489,1630121700069437,Negative
490,1363041081282125,Negative
491,1238548567517948,Positive
492,1356435709706108,Positive
493,1522396924488826,Positive
494,1566909579755590,Negative
495,1088002096284674,Positive
496,1177206358384801,Negative
497,1532385070479741,Negative
498,1206903599115014,Negative
499,1476599222472705,Negative
500,1364803997938552,Negative
501,1097414930147604,Negative
502,1088603716214245,Negative
503,1611465635942363,Negative
504,1151161400683655,Positive
505,1413439450749791,Positive
506,1244643798821409,Negative
507,1451487855050073,Negative
508,1578880704292257,Positive
509,1014057488685352,Negative
510,1543100679445742,Negative
511,1100017231318918,Negative
512,1553155964623610,Positive
513,1487656836662082,Negative
514,1238901367674433,Negative
515,1443607259732184,Negative
516,1576877200189045,Negative
517,1126237169654521,Negative
518,1116916348926702,Negative
519,1195435567327138,Negative
520,1375107010026622,Positive
521,1688389683804876,Negative
522,1145920875211362,Negative
523,1674680988601257,Positive
524,1230905365415206,Negative
525,1134744766959993,Positive
526,1169420771702554,Positive
527,1424415214808062,Positive
528,1407513061070703,Negative
529,1318633098585452,Positive
530,1080463074981266,Negative
531,1434196035676535,Negative
532,1241903375877963,Positive
533,1175873252970284,Negative
534,1003068185138241,Positive
535,1701463243852694,Positive
536,1215234309081826,Positive
537,115850314458108,Negative
538,1425964391194444,Positive
539,1327673480464889,Negative
540,1681762326175904,Negative
541,1178453319877562,Negative
542,1064149525210081,Positive
543,1520314966556317,Positive
544,1689793900871623,Negative
545,1593420524935856,Negative
546,1527981331730784,Positive
547,1502143108462613,Negative
548,1032664115415218,Positive
549,1663311830351089,Negative
550,1516333336649926,Positive
551,1692380128095177,Positive
552,1462810641717281,Negative
553,1664913790073158,Positive
554,1619689727350352,Negative
555,1083825970056913,Negative
556,104582394889,Negative
557,1728893251076776,Negative
558,1086279553073457,Positive
559,1754038462432459,Positive
560,1330225988513129,Positive
561,1418731567812707,Negative
562,1480039622597585,Positive
563,1202281300617084,Negative
564,1537966016442324,Positive
565,1700685887578195,Negative
566,1446919373200500,Positive
567,16627954913647,Positive
568,1784870492972096,Negative
569,102447742495053,Negative
570,140482044890935,Negative
571,1355032974080756,Negative
572,1219572349085841,Positive
573,1054796368613822,Negative
574,1325547511462618,Positive
575,1449133689269323,Negative
576,1752804879340943,Positive
577,1573154025247067,Positive
578,1649221981641225,Positive
579,1549589093951052,Positive
580,1209841886726964,Positive
581,1594534070266446,Negative
582,1594656110302897,Positive
583,1477016833137771,Positive
584,1426314730449936,Positive
585,1152013424823322,Positive
586,16619809946532,Positive
587,144487993923041,Positive
588,1478837897148217,Positive
589,1742829173275819,Positive
590,1394315761887212,Negative
591,1712197885072704,Positive
592,1352358524166230,Positive
593,1620073263573148,Positive
594,1661821825253122,Positive
595,17442030746611,Negative
596,1351765875742787,Negative
597,1333385362351551,Positive
598,1211006710782670,Negative
599,1377883316307517,Negative
600,175321732659906,Negative
601,1545691957181276,Positive
602,110908506572851,Negative
603,1641600747504687,Positive
604,1718745859728457,Positive
605,1618231345979334,Negative
606,1097522673359120,Negative
607,1682327833916322,Positive
608,1172676755867755,Negative
609,1370739205451293,Negative
610,1574286527946485,Negative
611,1547919199542620,Positive
612,1105029068674213,Positive
613,1441127707719320,Positive
614,1727677018370938,Negative
615,1592180590103033,Negative
616,1161279791924325,Negative
617,1459793902326696,Negative
618,174417631973316,Positive
619,1677567809986351,Negative
620,1657429455164722,Positive
621,1491258049398217,Positive
622,1044676543049795,Positive
623,1432688572459215,Negative
624,1241157514203779,Positive
625,1032157599493068,Positive
626,1225579008942511,Positive
627,1443500004001626,Negative
628,1710256647643614,Negative
629,1790629605096466,Positive
630,1179337096369650,Negative
631,1130356948607445,Positive
632,1728828365234277,Positive
633,1641555179193457,Negative
634,1416146783707279,Positive
635,1420105776109605,Negative
636,100863428045540,Negative
637,1211866638008900,Positive
638,1504176682127989,Positive
639,1235546832089149,Negative
640,1557789834052261,Positive
641,1669485656045787,Positive
642,1025186357632395,Negative
643,1194047962330695,Negative
644,1584490358727162,Negative
645,1649269746398482,Positive
646,1704388695982374,Positive
647,1583369104334959,Negative
648,1138882426227316,Negative
649,1509082042975024,Positive
650,1223004908480849,Negative
651,1355580621524484,Positive
652,1130346097297172,Positive
653,1167436025351682,Negative
654,1729494387280196,Positive
655,1672231687617518,Negative
656,1354291396368941,Positive
657,1561671343435719,Negative
658,1018177031372768,Positive
659,1168818060950058,Positive
660,1733995791726581,Negative
661,1495730440402291,Negative
662,1401687619007714,Negative
663,1694550992003064,Negative
664,1462202890072932,Positive
665,1703707024102404,Positive
666,1136720187981278,Negative
667,1011399361649611,Positive
668,1563612158875481,Negative
669,1154948992569579,Negative
670,1054594103919953,Positive
671,1040519910097289,Positive
672,1137788170692114,Positive
673,1629227922665433,Negative
674,1462092885531331,Positive
675,1089241401623863,Positive
676,1066111608548637,Positive
677,1000228345963509,Positive
678,1345728133879322,Positive
679,1186832208360503,Positive
680,1008633147610234,Negative
681,1183118376905506,Positive
682,1072269224300054,Positive
683,1547007991311807,Negative
684,1376883547228408,Positive
685,1498692907017291,Positive
686,1625463323348056,Negative
687,1644158421719296,Negative
688,1197697146874848,Positive
689,137963216923149,Positive
690,1780597309474298,Negative
691,1089524681335179,Negative
692,1632665017139359,Negative
693,144247553244557,Negative
694,1466222144156242,Negative
695,1056195516858969,Negative
696,1764882373744413,Negative
697,1595585067548481,Negative
698,1357003500047999,Negative
699,1030348180429542,Negative
700,1421784221450448,Positive
701,1475121751302553,Positive
702,1777425042943014,Positive
703,1543598003734493,Negative
704,1372056956022807,Negative
705,1701558814301445,Negative
706,1650224276584074,Positive
707,1583893233200901,Positive
708,1107241284179667,Negative
709,1786698114263148,Positive
710,116862408660715,Positive
711,1325281240974356,Negative
712,1201834008383012,Negative
713,170332556839442,Negative
714,1747928871436869,Negative
715,1513469638049068,Negative
716,1092046862606861,Negative
717,1088000875345663,Positive
718,1027106748947721,Negative
719,110572151346582,Positive
720,101276404218600,Negative
721,176322750952453,Positive
722,1066313615702408,Negative
723,1735804170301930,Positive
724,1687928001619012,Negative
725,167172487616470,Negative
726,1413974358659582,Positive
727,1469789308612969,Positive
728,1143205789891302,Negative
729,1706873225125987,Negative
730,154689027443247,Negative
731,1584999150308796,Positive
732,1738678215120965,Positive
733,17396188987509,Positive
734,1525041275010954,Negative
735,1535847163533916,Negative
736,1402723156043216,Negative
737,1469858106480031,Positive
738,1177348359148076,Negative
739,1171519048440181,Negative
740,1685292333128742,Positive
741,1117539358030059,Negative
742,1697932101224465,Positive
743,1072287135953686,Negative
744,1428353343231490,Negative
745,1115135372614145,Positive
746,1087461338916381,Positive
747,1010416533651186,Negative
748,1380114461523725,Positive
749,1171501259680786,Positive
750,1127407858752953,Positive
751,1141981551523291,Negative
752,1106874235118615,Negative
753,1122899655428964,Positive
754,1191972501288647,Negative
755,1727401576313434,Negative
756,1487284577644388,Negative
757,1677015582095026,Positive
758,1598610956462799,Negative
759,1073124943650678,Positive
760,1002176622750587,Negative
761,1339198644348314,Positive
762,1740564653836213,Negative
763,110209112478427,Negative
764,1226550455917549,Positive
765,1473697013494807,Positive
766,14335172302666,Positive
767,1434659845601995,Negative
768,178591791514525,Negative
769,155203942744017,Negative
770,1540293806349595,Negative
771,123266444243617,Negative
772,1180164740923352,Positive
773,1696828705976656,Negative
774,161729040956140,Negative
775,1541072487413562,Positive
776,1522480140252618,Negative
777,1720383673854214,Negative
778,1240410805278031,Positive
779,1425522646991219,Negative
780,1397317851947945,Negative
781,11195780401227,Positive
782,1763764259370564,Positive
783,146457644574663,Negative
784,1170222133140191,Negative
785,1342188879873934,Positive
786,1160263711473364,Positive
787,1326387163682092,Negative
788,1313000072001793,Negative
789,1418285298551882,Negative
790,1000324142734685,Negative
791,1781105497328829,Positive
792,1030709953530364,Negative
793,149407425337155,Negative
794,1493491723941445,Negative
795,1006609203421792,Positive
796,1023125852861876,Negative
797,1452537031559492,Negative
798,17068850893298,Negative
799,1778256460017734,Positive
800,1392587980395960,Positive
801,1335846133714269,Positive
802,1415711539041172,Positive
803,1644363401820419,Negative
804,1041536974078854,Negative
805,1196986423615483,Positive
806,1103581410226718,Positive
807,1696230227195440,Negative
808,154830806167247,Negative
809,1499440694923581,Negative
810,1072234884439319,Positive
811,1635993334392376,Positive
812,1025827436336773,Positive
813,1061370277472854,Negative
814,1034671279580357,Positive
815,1643454578375443,Negative
816,1591745027971800,Negative
817,151805340934759,Negative
818,1447976936646112,Positive
819,1568066206898,Positive
820,1193842254423783,Negative
821,1747411287081132,Positive
822,1352460770244241,Negative
823,1092708606263075,Positive
824,1552039654423079,Positive
825,106591474889621,Positive
826,1495972132737593,Negative
827,1585568291111027,Positive
828,1467713885419130,Negative
829,1667420475042237,Positive
830,139904525479142,Positive
831,15947492432201,Negative
832,1645540615499086,Negative
833,1486517626434695,Positive
834,1666685253188142,Positive
835,1761625286559354,Negative
836,1145182330008577,Positive
837,1334006255249181,Negative
838,1573173903194067,Positive
839,1111339914992201,Negative
840,1537199279199848,Positive
841,1093751133340673,Positive
842,1067290557729517,Negative
843,163227108611293,Positive
844,1118671925130396,Negative
845,1318736474062692,Negative
846,1494771901922424,Negative
847,1189260384979099,Positive
848,1621662675962574,Positive
849,1107110333668112,Positive
850,1333885232677137,Negative
851,1161027042177951,Negative
852,1694893238925512,Negative
853,1498984295325014,Positive
854,1061437607982661,Positive
855,1581838224866832,Positive
856,1467769639646846,Positive
857,1538401880654496,Negative
858,1678937691022614,Positive
859,1033318792074808,Negative
860,1478953389582490,Positive
861,1666842561669244,Negative
862,1102896599824266,Negative
863,1079276129158317,Positive
864,1238871010468934,Positive
865,1396662900527679,Positive
866,1565541399913978,Positive
867,1070111036361215,Positive
868,1344159411982206,Positive
869,1677337701277800,Negative
870,1001765803830121,Positive
871,1559169511526969,Positive
872,1037380274001592,Positive
873,1336290682107721,Positive
874,17324994687206,Positive
875,1074066691460415,Positive
876,1146494178074200,Positive
877,1697865743007787,Positive
878,1222367518442297,Positive
879,1625932492382915,Positive
880,1425414239891552,Positive
881,1130308615102115,Negative
882,1132404183083993,Positive
883,1501827049037672,Positive
884,1654561717057328,Negative
885,1335108085398521,Positive
886,1612268258318717,Positive
887,1314192276180396,Negative
888,1700820554741896,Positive
889,1515696759753190,Negative
890,1712426276907587,Negative
891,143644954175161,Negative
892,1666306365927998,Positive
893,1345647706932396,Positive
894,1563374571523233,Negative
895,1749281299916483,Negative
896,1035348334490077,Negative
897,1426733537605258,Positive
898,1412291478596927,Positive
899,1060484267335324,Positive
900,1485484084187604,Negative
901,1710718962466504,Positive
902,1151001553487469,Positive
903,1481614804039932,Positive
904,1578887965931649,Positive
905,1772533283284700,Positive
906,1398895707020745,Positive
907,1181483744719054,Negative
908,17334123162381,Positive
909,1426707268888253,Positive
910,1534344373516812,Negative
911,1410449312966156,Negative
912,1465743250114048,Negative
913,1320877239486480,Positive
914,1748579966579251,Negative
915,1665704615569993,Negative
916,1497924531100674,Negative
917,1571103369555146,Negative
918,1433176836106162,Positive
919,1238060649907166,Positive
920,1745659896536847,Negative
921,1562617677256481,Positive
922,1049597079801797,Positive
923,1440162485796761,Positive
924,1713244290713187,Positive
925,173923981342197,Positive
926,1647533778359688,Positive
927,1186495041313596,Positive
928,1078228568190085,Negative
929,1168832337796594,Negative
930,104810661713829,Negative
931,1094536447583174,Negative
932,1542920507358366,Positive
933,1320203675727189,Positive
934,101982690651512,Negative
935,1391455011614895,Positive
936,161551620679554,Negative
937,1400136609634596,Positive
938,1236977397648976,Positive
939,1127429275749569,Negative
940,1338925909940638,Positive
941,1462917617073305,Negative
942,1061969695431218,Positive
943,1623451356229355,Negative
944,1053497394056885,Negative
945,1606924711825475,Positive
946,177628976562199,Negative
947,1377629248859480,Negative
948,1035383035826779,Positive
949,1616608717788645,Positive
950,135210392643277,Positive
951,1413287726174761,Negative
952,1561629387638286,Negative
953,1231814296750139,Negative
954,1736451754313512,Negative
955,110653541500608,Positive
956,1149179350932952,Negative
957,176832080391543,Negative
958,1506044962216667,Negative
959,1516145176996120,Negative
960,1532522052213484,Negative
961,1319498160378094,Positive
962,1202072881542810,Negative
963,1743675646902002,Positive
964,1092398343096409,Positive
965,1654362753229645,Positive
966,161182952020635,Positive
967,1086762761943075,Positive
968,1059411916728,Negative
969,1770147079265557,Negative
970,1752492263568121,Negative
971,1653162580814955,Negative
972,1723667781670481,Negative
973,1127996993160266,Positive
974,1677221808119352,Negative
975,1082525873902690,Positive
976,1681000397183297,Positive
977,1006709712994735,Positive
978,1013256833374209,Negative
979,161889145715204,Negative
980,1597826483448216,Positive
981,1005173926339201,Negative
982,1152150310561950,Positive
983,1349036322435268,Positive
984,1610320067720074,Negative
985,1018211268948463,Positive
986,1074491636479158,Positive
987,1338477042278964,Positive
988,122810765968280,Positive
989,1593583029631762,Positive
990,1456715997881127,Negative
991,1466399795622043,Positive
992,1771057102908337,Negative
993,102038955468366,Negative
994,1663547306543440,Positive
995,1321895788979877,Negative
996,1311200671405616,Negative
997,1142710310970732,Positive
998,1012531295068342,Negative
999,1104012767077597,Positive
1000,1350600257281031,Negative
1001,1162306320656527,Positive
1002,1150809580286688,Negative
1003,1072764996265007,Negative
1004,1315764921330661,Negative
1005,1770323172402957,Negative
1006,1618733476265492,Positive
1007,1443739008039763,Positive
1008,1387136884360235,Negative
1009,1189425724271951,Positive
1010,1586497252901094,Positive
1011,1043906079126198,Positive
1012,1534685997842418,Positive
1013,1482363502821547,Positive
1014,1702552514420365,Negative
1015,1083189368658286,Positive
1016,1192088404994435,Negative
1017,113365652568420,Negative
1018,1068940534091348,Positive
1019,1122154030813741,Negative
1020,1126869985407200,Negative
1021,1003557972398882,Positive
1022,1230886553065426,Negative
1023,1420755224205863,Negative
1024,1532765796648812,Positive
1025,1585327537198365,Negative
1026,1781766610484400,Positive
1027,1433592258623107,Negative
1028,1355611255959392,Positive
1029,1390729138996862,Negative
1030,1175201846757339,Negative
1031,1111189555898248,Negative
1032,131703600608291,Negative
1033,1129501058265815,Positive
1034,1716271913832752,Negative
1035,1167738085777723,Positive
1036,1560087227837082,Negative
1037,1629103425502746,Negative
1038,117834983775757,Positive
1039,1706099526327147,Positive
1040,1008171258427007,Positive
1041,1789043800472257,Positive
1042,1405421855042495,Negative
1043,1705963065541111,Negative
1044,1660320750200924,Positive
1045,1074376653400163,Positive
1046,112022059058947,Positive
1047,1173804632955270,Negative
1048,1776279634409931,Negative
1049,1709717315437141,Negative
1050,1224226942548543,Positive
1051,1529509480588488,Positive
1052,1192574081904607,Negative
1053,1636058628472698,Negative
1054,1686255415914151,Positive
1055,1652924329351436,Positive
1056,1220009277398827,Negative
1057,1186974285079842,Positive
1058,1695104494331463,Negative
1059,1428395613387664,Positive
1060,1332043099797851,Negative
1061,1755214365006168,Positive
1062,1517004859088646,Negative
1063,140041421871494,Positive
1064,1055197627037713,Negative
1065,1052960470589596,Negative
1066,1568107261952544,Negative
1067,1491225377011969,Positive
1068,144233654423110,Negative
1069,1610387643356644,Positive
1070,1586018161498774,Negative
1071,1176066546117473,Negative
1072,1363925662244206,Negative
1073,1481824191887755,Negative
1074,1021329549658931,Negative
1075,1311673437721706,Negative
1076,1417174185784533,Negative
1077,1554225624976013,Negative
1078,1464877584809863,Negative
1079,1651761797492763,Negative
1080,1701455428709242,Negative
1081,1406824371605024,Negative
1082,1520346897504314,Positive
1083,1765400366678567,Positive
1084,102971489305831,Positive
1085,1398028541416724,Positive
1086,1741326894919808,Positive
1087,1318381906766993,Positive
1088,1738203956804282,Positive
1089,108528659421299,Positive
1090,1115881877645482,Positive
1091,116717932592999,Positive
1092,1413718705081738,Positive
1093,1531177417263439,Negative
1094,173380795476858,Positive
1095,1751779461279670,Positive
1096,1659165992486124,Positive
1097,1666105060433409,Negative
1098,1465430177521750,Negative
1099,1551061761525889,Positive
1100,1785047509975649,Negative
1101,1227883645974641,Positive
1102,1116516483528270,Positive
1103,1245183856286233,Positive
1104,1700196589246383,Negative
1105,1130317849504212,Positive
1106,123995133602386,Positive
1107,1364463685270152,Positive
1108,1718270147734011,Negative
1109,1197170425763533,Negative
1110,1507500283653565,Negative
1111,1179424495816250,Negative
1112,1011331136123914,Positive
1113,1687084334927692,Positive
1114,1141063531180888,Negative
1115,1210378585603095,Positive
1116,157027012276274,Negative
1117,1526107371651583,Negative
1118,1681929872035601,Positive
1119,1148928729615085,Positive
1120,1324008510599029,Negative
1121,1745332444810489,Positive
1122,1456023394072681,Negative
1123,1063861310193747,Negative
1124,102171404669264,Negative
1125,1636615602183154,Positive
1126,1320525013556972,Positive
1127,120505837732480,Positive
1128,1459694544669168,Negative
1129,1364820593937294,Positive
1130,1070335052159040,Positive
1131,1001331309398662,Negative
1132,1115186692631929,Negative
1133,1401074107199632,Negative
1134,1438136244172225,Positive
1135,1773003765142047,Positive
1136,1585792776989956,Negative
1137,132891888794928,Positive
1138,1373592658027322,Positive
1139,111751467959392,Negative
1140,1533512839002097,Negative
1141,1045607512272668,Positive
1142,1503087719831154,Negative
1143,1244651029911440,Negative
1144,1479708442423380,Positive
1145,1519296218506894,Positive
1146,1323373886497017,Positive
1147,1744050820969115,Negative
1148,163754891722973,Negative
1149,1747828634729480,Positive
1150,156089279823023,Positive
1151,1050399642530923,Negative
1152,1423502259105689,Positive
1153,1759613016214262,Negative
1154,1714967118697931,Negative
1155,1565422161116617,Positive
1156,1766036156134462,Negative
1157,1219356982038413,Negative
1158,1317620421986755,Positive
1159,1477123365014269,Positive
1160,1245806425591876,Negative
1161,1426922869478705,Positive
1162,1452017719022321,Negative
1163,1507943810415849,Negative
1164,1705989514295913,Positive
1165,1701980001907396,Negative
1166,1451928091515745,Positive
1167,1114228762272211,Positive
1168,1537878407488304,Negative
1169,1445008967029015,Positive
1170,1407302875324700,Negative
1171,1633857497381787,Negative
1172,1138572742323911,Negative
1173,1079238673540961,Positive
1174,1436611787211045,Positive
1175,1721712975391459,Positive
1176,1248278198058679,Positive
1177,1324423375691674,Positive
1178,1717136218344584,Positive
1179,1065184229781287,Positive
1180,1729412682822910,Positive
1181,1235442962406067,Positive
1182,1195030794255449,Positive
1183,1536259733160246,Positive
1184,1607182623090902,Positive
1185,1641924563696663,Negative
1186,1535105929361806,Positive
1187,146732030137663,Negative
1188,1145101079789386,Negative
1189,1335316154592066,Positive
1190,1074980316461929,Negative
1191,1159565907787194,Negative
1192,1583636234886477,Negative
1193,1237603840265421,Negative
1194,1560817343096303,Negative
1195,1318701593053846,Negative
1196,1476872919617642,Positive
1197,1075506803336152,Negative
1198,1746363518140643,Positive
1199,1347190745131986,Positive
1200,1212047122777608,Negative
1201,1108837953625261,Positive
1202,1486054250094266,Negative
1203,1009610229194911,Positive
1204,1781241344821208,Negative
1205,1720593990349510,Positive
1206,1120761564881307,Negative
1207,1418388534767428,Negative
1208,1667942085251301,Negative
1209,1737740654444070,Negative
1210,1221984317335238,Negative
1211,162587854288397,Positive
1212,1080393064604412,Positive
1213,107689189101997,Positive
1214,1620196838727050,Positive
1215,1021854711801914,Positive
1216,1012381049317659,Negative
1217,1377891499358748,Positive
1218,1552611518085121,Positive
1219,1575335479930301,Positive
1220,1707217518680127,Negative
1221,1449670930224715,Positive
1222,1036555842968707,Positive
1223,1458030057649549,Negative
1224,1643483192176579,Negative
1225,1022257256400904,Positive
1226,1179564779103809,Negative
1227,121552520932901,Positive
1228,1642076079144083,Negative
1229,1047571272492181,Positive
1230,1050909821437927,Positive
1231,1133039349924248,Negative
1232,1019222911131406,Negative
1233,1468392886203679,Negative
1234,1454643107400465,Positive
1235,1216354117112947,Negative
1236,1482168117778791,Negative
1237,1370604206107358,Negative
1238,1766212181849636,Positive
1239,1441322821154506,Negative
1240,1356536638075500,Negative
1241,1378185852055864,Negative
1242,1196394698455640,Positive
1243,1651517325941870,Positive
1244,1164793005500793,Negative
1245,1061275632259134,Positive
1246,1328540599548722,Negative
1247,1141365448858126,Positive
1248,1774305981260269,Positive
1249,1128491548314926,Negative
1250,1111719107702454,Positive
1251,1204907243154902,Negative
1252,1041812205652721,Positive
1253,1080225408948082,Negative
1254,1369723131544678,Negative
1255,1083412831115256,Negative
1256,1434378182117566,Negative
1257,1697382655029078,Negative
1258,1377077542189765,Negative
1259,1529841804248054,Negative
1260,1149584355883047,Negative
1261,1048507976116950,Negative
1262,1765537981957802,Positive
1263,1731350986112171,Positive
1264,1688792065781864,Negative
1265,148697108792587,Negative
1266,1593149639260751,Positive
1267,1109149035791313,Positive
1268,1356862708560919,Positive
1269,1141167053663299,Positive
1270,1628684190003073,Positive
1271,1192402854920088,Positive
1272,1125271892548097,Negative
1273,1486288402153624,Positive
1274,111121535971814,Negative
1275,1515178077706305,Negative
1276,1177029524721132,Positive
1277,176294251535399,Positive
1278,111469468546116,Negative
1279,1030333524161230,Positive
1280,1445869079757919,Negative
1281,1714748979024443,Positive
1282,164611319584875,Negative
1283,1079842698516911,Positive
1284,1466845175356853,Positive
1285,1325971709498657,Positive
1286,1007798281840707,Positive
1287,1424896844568457,Positive
1288,1236917976930008,Positive
1289,1187079538271695,Positive
1290,1611993585401616,Negative
1291,1455630933523185,Negative
1292,1174546875894487,Negative
1293,1697720517446792,Positive
1294,1690253777646962,Positive
1295,1201380323190894,Negative
1296,1643271868633420,Negative
1297,1596207861165523,Negative
1298,1142539925825787,Negative
1299,11352222790134,Positive
1300,1788574989292667,Negative
1301,1051327397665671,Positive
1302,1699921217449150,Positive
1303,1476300092321153,Negative
1304,1322936684893468,Negative
1305,1728389039925641,Negative
1306,1125590098972728,Positive
1307,1113778385816851,Negative
1308,1453455243317389,Negative
1309,1080133622136218,Negative
1310,1633338024861025,Positive
1311,1375208164268843,Positive
1312,1088780561069356,Negative
1313,1397245914762154,Positive
1314,1206294138624664,Positive
1315,1540160865379147,Negative
1316,1097420335889471,Negative
1317,1775185163963100,Negative
1318,1601241036366333,Positive
1319,1008107111227372,Positive
1320,1748675752783338,Negative
1321,1613173487378047,Positive
1322,1590253894879422,Positive
1323,1777160138679910,Positive
1324,1556689332393503,Positive
1325,1354055318046909,Positive
1326,1592397158224569,Positive
1327,1244678015370515,Negative
1328,1014609854583248,Negative
1329,1491055774071054,Negative
1330,1790451911670952,Positive
1331,1690847346848470,Negative
1332,1569282923469084,Negative
1333,1550891708017121,Positive
1334,1044077006021775,Positive
1335,1604367294792443,Negative
1336,175945414534995,Positive
1337,1496776804052670,Positive
1338,1165037781149268,Positive
1339,1659889807873844,Positive
1340,1346847556200030,Positive
1341,1328861215359675,Positive
1342,137898317312532,Negative
1343,1741822668520320,Negative
1344,1561005443990158,Negative
1345,1460761605584947,Negative
1346,1745996945954232,Negative
1347,1366518710926615,Negative
1348,1435279941134259,Negative
1349,1225928528030754,Positive
1350,1140585696256656,Negative
1351,1382988055952443,Positive
1352,1198989113934447,Positive
1353,1394723890441654,Negative
1354,15893914347163,Positive
1355,1184656687754203,Positive
1356,1466008540298114,Negative
1357,1487510215022435,Positive
1358,1213057248534065,Negative
1359,1106815040871576,Negative
1360,1222420822257348,Positive
1361,1102897379154184,Positive
1362,1384257770384734,Positive
1363,1455509214041726,Negative
1364,1648699548719199,Positive
1365,1328046233588998,Positive
1366,1072988309413747,Positive
1367,1122755239349610,Negative
1368,1668302462922980,Positive
1369,1342396381398606,Positive
1370,1173773513328029,Negative
1371,1122853685202824,Positive
1372,102014516397056,Negative
1373,1105273610968319,Positive
1374,1610214484063611,Positive
1375,1724548044622037,Positive
1376,162741814604114,Positive
1377,112361169966770,Negative
1378,135093160121684,Positive
1379,1510708374030464,Negative
1380,1176130966850855,Negative
1381,1629172312536127,Positive
1382,1190994758484545,Negative
1383,1318800665089397,Negative
1384,1485950371704378,Negative
1385,1377631730213182,Negative
1386,1211898009573257,Negative
1387,1043300070394572,Negative
1388,1339135931899479,Positive
1389,174700239381128,Positive
1390,1188473675190962,Positive
1391,1083966053155370,Positive
1392,1489326735557716,Positive
1393,1563492212517921,Positive
1394,1438617152023287,Positive
1395,1170018549135265,Positive
1396,1783121266389803,Positive
1397,1723016355060368,Negative
1398,1151635886276104,Negative
1399,1046538661739815,Positive
1400,1040636658278872,Negative
1401,1032828001554600,Positive
1402,1705528004719568,Negative
1403,1526986045295400,Positive
1404,1332895486186712,Negative
1405,1780172629154370,Positive
1406,1737575356194272,Positive
1407,1356161633369503,Negative
1408,1076242585963798,Positive
1409,1760020518682704,Negative
1410,1755695627275525,Positive
1411,1689302410347250,Negative
1412,1434819476582512,Negative
1413,1001813990290808,Negative
1414,1551180738187379,Positive
1415,165680442140775,Negative
1416,1446462867421891,Negative
1417,1715958845807110,Negative
1418,1230409132417232,Positive
1419,1663526979766432,Positive
1420,1150300001265592,Negative
1421,146818078356403,Positive
1422,151451928406411,Negative
1423,106523340099686,Positive
1424,1382758577677851,Negative
1425,1243188383105431,Negative
1426,139343021771779,Negative
1427,1708161575399992,Positive
1428,1383135664006435,Negative
1429,1517749996758420,Positive
1430,1490140920926945,Positive
1431,1209491828438537,Negative
1432,1115631015018419,Negative
1433,1036317230021484,Negative
1434,1051399675464375,Negative
1435,1684833397420254,Positive
1436,1210356905918232,Positive
1437,1361651745833813,Positive
1438,1777502211555447,Negative
1439,116700986607956,Positive
1440,1657905252346380,Positive
1441,1190443318809789,Positive
1442,1595822086673462,Positive
1443,1482780653567030,Negative
1444,1485833065049724,Negative
1445,1539442440694507,Negative
1446,1624005791308410,Negative
1447,117210503628552,Positive
1448,1107479415069403,Negative
1449,1722351637378926,Negative
1450,1095624797058442,Positive
1451,1186779449184912,Positive
1452,1474433994380560,Positive
1453,1402440596882144,Positive
1454,1336262387289241,Negative
1455,1588529457000511,Positive
1456,1610934729551400,Positive
1457,164659200234079,Positive
1458,1638194837898708,Negative
1459,1410171938411510,Positive
1460,1027399837212409,Positive
1461,1698675319758380,Positive
1462,1593904003628638,Positive
1463,1558245404137605,Negative
1464,1643823902133032,Negative
1465,1574108165071164,Negative
1466,1460767133602608,Positive
1467,1236777189909807,Positive
1468,1024583030573305,Negative
1469,101274825930907,Negative
1470,1709103357539545,Negative
1471,1074345161480729,Negative
1472,1013188281911819,Positive
1473,1472047618302971,Positive
1474,1516652894245101,Negative
1475,1185560401655264,Negative
1476,1720258311664877,Positive
1477,1128718127671311,Positive
1478,1022610230832438,Positive
1479,1058892371111688,Positive
1480,1586515749293077,Positive
1481,145460301981431,Positive
1482,1026907431258282,Negative
1483,1189914291306199,Positive
1484,1494291407801861,Negative
1485,1076537412516687,Positive
1486,1143583453537232,Negative
1487,1764208161319285,Positive
1488,1741198982393826,Negative
1489,177673918841770,Positive
1490,1126309718354796,Negative
1491,1624814292291023,Negative
1492,1227676317208222,Positive
1493,1487458816437352,Positive
1494,1375902415361929,Positive
1495,1122194897149381,Negative
1496,1548909776719795,Positive
1497,1506491730632567,Negative
1498,1593096680732473,Negative
1499,1428851702814523,Negative
1500,11777395059692,Positive
1501,1776374093347591,Positive
1502,1600146428025245,Negative
1503,107704135911555,Positive
1504,1771746097313074,Negative
1505,1146102279586261,Negative
1506,1399756459154055,Positive
1507,163045862686285,Positive
1508,1102602907297117,Negative
1509,1675423864188357,Positive
1510,1394093676307393,Negative
1511,1643412170491921,Positive
1512,131535962563824,Positive
1513,1588911548169106,Positive
1514,1392152472299506,Positive
1515,1764234536784506,Negative
1516,1499770175923741,Positive
1517,1367524479205352,Negative
1518,1446853165731760,Negative
1519,1580377219389474,Positive
1520,1079748838588067,Positive
1521,1042026327466404,Positive
1522,1536721532045058,Positive
1523,1763023144355941,Negative
1524,1142454050379950,Negative
1525,1486735017113711,Positive
1526,1688378641921790,Negative
1527,1617816640089640,Negative
1528,1683795459580199,Negative
1529,1073700646652462,Negative
1530,1185366725996306,Negative
1531,1475966893662081,Negative
1532,1349542193742268,Negative
1533,1017649978290118,Positive
1534,1144203041143019,Positive
1535,1597914493236480,Positive
1536,1480897806941481,Positive
1537,1621869540755504,Positive
1538,1388131506286559,Positive
1539,1441047407313397,Negative
1540,1196247105354692,Positive
1541,1248417063333746,Positive
1542,1325603264474559,Negative
1543,103498708397755,Negative
1544,1159946638452561,Negative
1545,1695624337068700,Negative
1546,1038995458033124,Positive
1547,1785105261494039,Positive
1548,13883109098474,Positive
1549,1239162217401782,Positive
1550,1618690839976280,Positive
1551,1248886514637887,Positive
1552,1071734721089401,Negative
1553,1492401544101345,Negative
1554,1633613600510744,Negative
1555,1535453761287612,Positive
1556,1200947841516800,Negative
1557,1219154313580579,Negative
1558,1470910159276159,Negative
1559,1178396927770106,Negative
1560,1664092677887269,Negative
1561,1002293629509383,Negative
1562,1358899832636980,Positive
1563,1361730477517936,Positive
1564,1065461651121300,Negative
1565,1722606160027536,Negative
1566,1528494629535587,Positive
1567,1612664010830218,Negative
1568,1146761491695228,Positive
1569,1033896186005826,Negative
1570,162409703309078,Negative
1571,1507927909147032,Negative
1572,1701998778138229,Negative
1573,1205671367837420,Negative
1574,1332414746042987,Positive
1575,1144065894404411,Negative
1576,1173063532419708,Negative
1577,1039630573317746,Negative
1578,1784496877780329,Negative
1579,1538730528092224,Negative
1580,1091569409555889,Negative
1581,1555367504371870,Positive
1582,1700780463815732,Positive
1583,1719795050505714,Negative
1584,1084957310725239,Positive
1585,1085546279658217,Positive
1586,1764514643458839,Positive
1587,1739769737040651,Negative
1588,110042811235093,Positive
1589,1512797630444256,Negative
1590,1064902229280961,Positive
1591,1139156986402158,Positive
1592,1347247544141593,Negative
1593,1125860153633424,Negative
1594,1101776880662480,Positive
1595,14350183369455,Negative
1596,1450072564631151,Negative
1597,1765177856654223,Negative
1598,1725876120490280,Positive
1599,1539913322741861,Negative
1600,1367473839637963,Negative
1601,1427929006142691,Negative
1602,1519510562980030,Positive
1603,1065465122985906,Positive
1604,1583572551800508,Negative
1605,1611536918301222,Negative
1606,1383905446247195,Negative
1607,1046328362509580,Positive
1608,1029388840526031,Negative
1609,1441877989785185,Negative
1610,1165923105991736,Negative
1611,1578016065512700,Positive
1612,1561961201941230,Positive
1613,1062196994315805,Negative
1614,1006901559474100,Positive
1615,1610391430848346,Positive
1616,1095011468510846,Positive
1617,1002737927571484,Negative
1618,1452542796552155,Positive
1619,117620197001349,Positive
1620,1041372440030160,Positive
1621,1763302543594245,Positive
1622,1000777041608516,Negative
1623,1192657648093293,Positive
1624,1160629954487583,Negative
1625,1101676672110674,Negative
1626,1382742141259948,Positive
1627,1678278307365956,Positive
1628,1414829315365369,Positive
1629,1544327313618042,Negative
1630,150156565822012,Negative
1631,1580384583663791,Negative
1632,1052527262173833,Negative
1633,1425269810849897,Negative
1634,1678833276271032,Positive
1635,1112741441767671,Negative
1636,1317610631985343,Negative
1637,1672557642851974,Positive
1638,1036545699095162,Negative
1639,1468321905765249,Negative
1640,1219494717195154,Positive
1641,1504246246730374,Negative
1642,1501121935605912,Positive
1643,176288845839098,Negative
1644,1512069982999123,Positive
1645,1571856916659577,Negative
1646,1557855306474454,Negative
1647,1328578700359817,Negative
1648,1418289575849447,Positive
1649,1731611194678136,Negative
1650,1181883041912407,Positive
1651,1204001690478451,Negative
1652,1486030737827879,Positive
1653,1238264238186541,Negative
1654,162592540896696,Positive
1655,1211468641752626,Negative
1656,1617148198668665,Positive
1657,101520420806697,Positive
1658,1091313343487573,Positive
1659,1476974659465042,Negative
1660,1073104980938726,Negative
1661,1569421642557071,Negative
1662,1446690020976068,Positive
1663,1683189303936253,Positive
1664,1141045021891039,Negative
1665,1172553226294326,Positive
1666,1137125154180705,Negative
1667,1443266328798660,Positive
1668,1568044254970456,Negative
1669,1677573044351935,Negative
1670,1377008151245191,Negative
1671,1722620146324752,Positive
1672,1360632335964284,Negative
1673,1486847187737012,Negative
1674,1487773286101568,Negative
1675,1407356130503775,Negative
1676,154427701451788,Positive
1677,1144773711283961,Positive
1678,1081879290237746,Positive
1679,1123761750795978,Negative
1680,1330743981194027,Positive
1681,1436003702727275,Negative
1682,1205931423088470,Positive
1683,162276065777459,Positive
1684,1684161353245529,Negative
1685,133158097436854,Positive
1686,1634661136213038,Negative
1687,1172888349014907,Negative
1688,1370893453624135,Negative
1689,100010347143101,Negative
1690,1179633096556149,Negative
1691,1031927136746115,Positive
1692,1547401458033263,Positive
1693,1598719000282962,Negative
1694,1762707801378565,Positive
1695,1347186316153596,Negative
1696,1543345313313647,Negative
1697,1518035178860599,Negative
1698,1650582669749963,Negative
1699,1629063784590686,Positive
1700,1547392115169143,Negative
1701,1185608851749051,Positive
1702,1177807526034002,Negative
1703,1011284834865130,Negative
1704,1572047121341392,Positive
1705,1713938563480310,Positive
1706,1612931158633084,Negative
1707,1422830201285005,Positive
1708,1066715442843831,Positive
1709,101029680875421,Positive
1710,1197192553438327,Positive
1711,1075760134393904,Positive
1712,1007307227790931,Negative
1713,1090678317624935,Negative
1714,1359607847189890,Negative
1715,115745480920852,Negative
1716,1522604883747821,Negative
1717,1313771909015070,Positive
1718,1201420256189006,Negative
1719,1245731039736010,Negative
1720,1685981500607153,Positive
1721,1790224729465899,Negative
1722,103158517981868,Negative
1723,1339869312102516,Negative
1724,1734275431186919,Positive
1725,1109658199339628,Positive
1726,1471546856529122,Negative
1727,1047548499940284,Positive
1728,1120091743724135,Negative
1729,1225807406358211,Negative
1730,1555941408846671,Positive
1731,1248040909099732,Positive
1732,119295846043811,Negative
1733,1661147330207595,Positive
1734,1044891993241232,Positive
1735,1052766641287639,Positive
1736,1670152707395027,Negative
1737,1573931459449611,Negative
1738,1557145888339689,Positive
1739,1466124948925198,Positive
1740,1045743690159289,Positive
1741,1684556358763779,Positive
1742,1620537109220807,Positive
1743,1561841198525409,Negative
1744,1051752670831591,Positive
1745,1580108183103376,Negative
1746,1401236002066140,Negative
1747,1225140607426539,Negative
1748,103542730492901,Positive
1749,1426289882174768,Negative
1750,1431509253805641,Negative
1751,1403782023276721,Positive
1752,1038664936606642,Negative
1753,1743842830661873,Positive
1754,1700119364002533,Negative
1755,1620499894117536,Negative
1756,1608924595403354,Negative
1757,1727537627569829,Negative
1758,1510701015412259,Negative
1759,165351726580027,Negative
1760,1769058849996589,Negative
1761,1761486045659988,Negative
1762,1224147319866197,Negative
1763,1489750326699896,Positive
1764,1720164632309767,Negative
1765,133474681711475,Positive
1766,1104773466703676,Positive
1767,1755852212288671,Negative
1768,1467294693793203,Positive
1769,1710635233444227,Negative
1770,1666114611493625,Positive
1771,1192601545970479,Positive
1772,1335333889327100,Positive
1773,1762356869806968,Negative
1774,1209190562955749,Positive
1775,1684260167927360,Positive
1776,1352000940338936,Positive
1777,1585947502385276,Positive
1778,1619907098696320,Negative
1779,1061935240532672,Negative
1780,1328476715581631,Positive
1781,114210006299714,Negative
1782,1786234237370046,Positive
1783,1426753356525715,Negative
1784,1003811750112429,Positive
1785,1170167374491314,Positive
1786,1355202934885395,Negative
1787,1584499693512246,Positive
1788,1585962563900788,Negative
1789,1015168216349652,Negative
1790,1613252043700880,Positive
1791,1590761429574286,Negative
1792,1440498676337365,Negative
1793,1092391454588661,Negative
1794,1067954568346239,Negative
1795,1770645755340655,Negative
1796,1027950992078439,Positive
1797,1768103434783915,Positive
1798,1702455304091612,Negative
1799,1380254247919398,Negative
1800,1199285587428344,Negative
1801,1156317183594747,Negative
1802,10730978076665,Positive
1803,1020998957810039,Positive
1804,1410129983209014,Positive
1805,1672375780882159,Positive
1806,1208588914175340,Negative
1807,1701294536707362,Negative
1808,1023655718591112,Positive
1809,1020195560902437,Positive
1810,1762418526336138,Positive
1811,1220760735028271,Positive
1812,151429737745088,Positive
1813,1178385073546042,Positive
1814,175577117037026,Positive
1815,1158513770645462,Negative
1816,1558253657731207,Negative
1817,1526251148188299,Positive
1818,1722990900321682,Negative
1819,1634958266635604,Positive
1820,1605569202431739,Negative
1821,1361967501475943,Negative
1822,1333975283023095,Positive
1823,1618048727107940,Positive
1824,1618491494658387,Positive
1825,1520955765834073,Positive
1826,1778378149730260,Negative
1827,112396269164484,Negative
1828,1442343834396431,Positive
1829,1246278285049539,Positive
1830,1645296664455208,Negative
1831,1736771464638386,Positive
1832,1019959579471546,Positive
1833,1166599498420444,Positive
1834,167690219786675,Positive
1835,1593443224693791,Negative
1836,1377833832827957,Positive
1837,1578948949632180,Positive
1838,1625986693060450,Negative
1839,1381730881813240,Positive
1840,1135876048641341,Negative
1841,1131843210792191,Negative
1842,1538670469594211,Positive
1843,1118174355381906,Positive
1844,1018208859561553,Negative
1845,1659069234957468,Positive
1846,1551981522812311,Positive
1847,1228164782486442,Positive
1848,1032341182468437,Negative
1849,112033815348791,Positive
1850,1076735520026534,Negative
1851,1109028044588837,Negative
1852,1607859522565179,Negative
1853,1609652942041618,Negative
1854,1348907042870958,Positive
1855,1391503562966452,Negative
1856,1684944131757439,Negative
1857,1450377288154210,Negative
1858,1735908512835699,Positive
1859,1130096520002738,Negative
1860,1152795976700055,Positive
1861,1417070045092456,Negative
1862,1069289846251368,Negative
1863,1628047696779913,Positive
1864,1378431272128513,Positive
1865,1178830541431640,Positive
1866,1220071743601997,Positive
1867,1659724639752313,Negative
1868,1656083214527360,Positive
1869,1232331601620256,Positive
1870,1209002280456608,Negative
1871,1148298816874660,Negative
1872,1598191215107164,Negative
1873,1659008668637793,Positive
1874,1203961335098872,Positive
1875,1346405468879880,Positive
1876,142642322499780,Negative
1877,1368821254641225,Negative
1878,1016464831033549,Negative
1879,1580123305102168,Negative
1880,1128317276706439,Positive
1881,1096920323329517,Positive
1882,1160104228494400,Negative
1883,118206372063569,Positive
1884,1021968617099661,Positive
1885,1011428298993606,Negative
1886,1222778975589457,Negative
1887,1120908590681999,Positive
1888,1565965043207232,Positive
1889,1335106641543147,Positive
1890,1244355764851258,Negative
1891,1129522350521075,Positive
1892,1582775399535933,Negative
1893,1559994148197438,Positive
1894,1031768975383425,Negative
1895,1415221299013958,Negative
1896,1723144502986918,Positive
1897,1149823076208921,Negative
1898,1473534542285170,Positive
1899,1043491441778757,Negative
1900,1703340741916430,Positive
1901,1789849493135120,Positive
1902,1525885089430640,Positive
1903,1502625988529552,Positive
1904,1096064670931798,Negative
1905,1010265168683783,Negative
1906,1040230402106640,Negative
1907,1023362891451001,Positive
1908,1469437744665355,Positive
1909,1011419378665852,Positive
1910,1642767835938812,Negative
1911,1586182579163684,Positive
1912,1420246947040498,Negative
1913,1150118192851385,Negative
1914,1611970172761397,Negative
1915,153275931893860,Negative
1916,1732892018799497,Negative
1917,1430485610043542,Negative
1918,1522299391319478,Negative
1919,1486664699884479,Positive
1920,1729864343692717,Positive
1921,1393311652953841,Positive
1922,1584148141070650,Negative
1923,1360534271202132,Negative
1924,1780439985900911,Negative
1925,1119015064797890,Negative
1926,1525272263170982,Negative
1927,1632896193215599,Positive
1928,1671889079884288,Negative
1929,1092973738236116,Negative
1930,1221764731929659,Negative
1931,1760155938662508,Positive
1932,1395320611083788,Positive
1933,1152400714681489,Positive
1934,1208665393459559,Positive
1935,1723723227421549,Negative
1936,1072255612335720,Negative
1937,1115946884219300,Negative
1938,1180186969743906,Negative
1939,1544403618073054,Positive
1940,1572422813359084,Negative
1941,1578886881616410,Negative
1942,1679702094155134,Positive
1943,1621466928312051,Negative
1944,1514917097681244,Positive
1945,1557195906449268,Negative
1946,1553460939704281,Positive
1947,1108582462423311,Negative
1948,1545977395597666,Negative
1949,1360925982330149,Positive
1950,1519953062963892,Positive
1951,1623600220217366,Positive
1952,1731672094029038,Negative
1953,1053277720303521,Negative
1954,1556258669309020,Negative
1955,1750889586362245,Negative
1956,1346518909808147,Negative
1957,1070680772600281,Positive
1958,1240196891814985,Positive
1959,1036148738569786,Positive
1960,1544092349930199,Negative
1961,1316685264371137,Positive
1962,1573360094395166,Negative
1963,1642097556218848,Positive
1964,1311287435616862,Positive
1965,1119408842961262,Positive
1966,1424369685125900,Negative
1967,1336937060405282,Positive
1968,1568371456075482,Negative
1969,1457977253307483,Positive
1970,1549923714155639,Positive
1971,1319689662886401,Positive
1972,166649625839805,Positive
1973,1688699872256333,Negative
1974,1395596432861579,Negative
1975,1330278141975703,Positive
1976,1781315974690045,Negative
1977,1413169370303373,Positive
1978,1674275708310308,Negative
1979,1552199653333993,Positive
1980,1191186826865783,Negative
1981,1327646010722019,Positive
1982,1243688037101729,Negative
1983,1540715329099971,Negative
1984,1089488003119062,Positive
1985,1780898663565819,Positive
1986,1730359219405632,Positive
1987,1622593812937977,Negative
1988,1347626342060036,Negative
1989,1589797228470673,Positive
1990,1692521556068973,Negative
1991,1396297242142767,Negative
1992,1381370287659352,Positive
1993,1450055106369478,Positive
1994,1385555932534175,Negative
1995,1242890275596492,Negative
1996,1413262275103800,Negative
1997,1411167379952527,Negative
1998,1399707811974809,Positive
1999,1036689164188281,Positive
2000,1035133436220962,Negative
2001,1400985581845749,Negative
2002,1541777040496801,Negative
2003,1144816357000141,Negative
2004,1698184277132861,Positive
2005,1076612494712227,Negative
2006,1705592320541885,Negative
2007,1654748300977159,Negative
2008,1005142076728330,Negative
2009,1687016963757084,Negative
2010,1581536879741372,Positive
2011,1768036110474855,Positive
2012,1706629287670068,Positive
2013,1769362128153616,Positive
2014,1564672821405030,Negative
2015,1677328234002641,Positive
2016,1576970398448258,Negative
2017,100218589112962,Negative
2018,1635619073597987,Negative
2019,1099519935053837,Negative
2020,1560668946318165,Negative
2021,1037061527870524,Negative
2022,1638778992983326,Negative
2023,1437717059304553,Negative
2024,1157943698949861,Negative
2025,1422011233124344,Negative
2026,1123144878633568,Negative
2027,1227171978752897,Negative
2028,1665039724662741,Negative
2029,1089358548358663,Positive
2030,1132260075619606,Negative
2031,1187145864302019,Negative
2032,1133477416645974,Positive
2033,1689897445966734,Positive
2034,1213048441317862,Negative
2035,1129617508549866,Positive
2036,1018267848438937,Positive
2037,159173110999157,Positive
2038,109481984180883,Positive
2039,1229073017154082,Positive
2040,1025494931425768,Positive
2041,144712077952133,Negative
2042,171274371908353,Negative
2043,1232422154798694,Negative
2044,1035928048692787,Negative
2045,1064608314515328,Positive
2046,1783328539656428,Positive
2047,1046182726363256,Negative
2048,1220938879268540,Negative
2049,1141824410422500,Negative
2050,1120949283429227,Positive
2051,1520868158934862,Positive
2052,1467031622462383,Negative
2053,1729956546724159,Negative
2054,1586537204932584,Positive
2055,138045276859459,Negative
2056,1716219570459505,Positive
2057,1069416710291721,Negative
2058,1215224902699358,Positive
2059,1143793842099778,Negative
2060,118979506020383,Positive
2061,1484121571830742,Negative
2062,1746571742242301,Positive
2063,1318881915284136,Negative
2064,1630957984931761,Positive
2065,1173948424438436,Negative
2066,1562595340535725,Positive
2067,1322653126613331,Positive
2068,1501254174007417,Positive
2069,1625235181766100,Negative
2070,1217019008034969,Negative
2071,1661040997700136,Negative
2072,103158479541262,Positive
2073,1737425583760886,Positive
2074,1634893698072282,Positive
2075,143224559908569,Positive
2076,1594602230905188,Negative
2077,1467074216174076,Negative
2078,1333142030653640,Positive
2079,1190906787135558,Positive
2080,1318865889870054,Negative
2081,1612759511959677,Positive
2082,1114455547657322,Negative
2083,1247109127022284,Negative
2084,121478180482417,Positive
2085,1656219092725827,Negative
2086,1185081347532821,Negative
2087,1698343962699366,Negative
2088,1466357827352776,Negative
2089,1459558458736069,Positive
2090,1614631867306948,Negative
2091,1655617865364477,Negative
2092,1608581629831791,Negative
2093,1422081639501200,Positive
2094,1025179365642125,Negative
2095,1511129642410700,Negative
2096,1537904892550238,Negative
2097,1689194061660251,Negative
2098,1457602421877688,Positive
2099,1323597872860081,Positive
2100,1733001758928603,Negative
2101,1244951220573426,Negative
2102,1458800129163334,Negative
2103,151941163849315,Positive
2104,1365142834184741,Negative
2105,1395008531380006,Positive
2106,1595019637608075,Positive
2107,1055482834727188,Positive
2108,1770552610052128,Negative
2109,1135630141615715,Negative
2110,1191050340937288,Positive
2111,1195847845140386,Positive
2112,1039218637877571,Negative
2113,1428771763246153,Positive
2114,1623785923566388,Positive
2115,1344635029203661,Negative
2116,1164042626223982,Negative
2117,135486092546829,Negative
2118,1575891060159162,Negative
2119,1427221686428166,Positive
2120,1677600074964097,Negative
2121,1143992822494842,Negative
2122,1552397190015810,Positive
2123,1327344694175635,Positive
2124,1745035903646593,Positive
2125,1416153987587150,Positive
2126,1542085194499285,Positive
2127,1047077961636648,Negative
2128,1590771348603609,Positive
2129,1457309510554757,Negative
2130,1180616443875442,Negative
2131,1417373774657990,Positive
2132,1722749764406438,Negative
2133,1547290471782088,Negative
2134,1760786517502786,Positive
2135,1744265167888636,Positive
2136,1149022790762275,Positive
2137,1194607308507172,Positive
2138,1601179715854282,Negative
2139,1386306730945090,Negative
2140,1571057536746397,Positive
2141,1324174917458337,Negative
2142,1140669403319034,Negative
2143,1754552101336038,Positive
2144,1495717432564423,Positive
2145,1628762321475057,Negative
2146,159442109608971,Positive
2147,1312104640855020,Positive
2148,1669575983048745,Positive
2149,172344460243263,Negative
2150,1113718609724929,Positive
2151,1187822038154550,Negative
2152,1581639992114781,Positive
2153,1026664970532308,Negative
2154,134079700290218,Positive
2155,1037350809924707,Positive
2156,1318947456844405,Positive
2157,1365042597827092,Positive
2158,1330246801266782,Negative
2159,1404208141320707,Positive
2160,1654129335559357,Negative
2161,1758383396799037,Negative
2162,1220760538135825,Negative
2163,1488469301482873,Positive
2164,1775587201249832,Negative
2165,1597745901437812,Positive
2166,1020124024937551,Positive
2167,1414252106519669,Negative
2168,157902428947516,Positive
2169,1354196399623294,Negative
2170,1439805885394275,Positive
2171,158811290831357,Positive
2172,1611659143045316,Positive
2173,1561779037291539,Negative
2174,1430416018985756,Positive
2175,1047197278588377,Positive
2176,1404234944364340,Positive
2177,1403757483415251,Positive
2178,1549473009214207,Negative
2179,1686948185169948,Negative
2180,1060260782650306,Positive
2181,1762956118832881,Positive
2182,1081221807098830,Positive
2183,1319514253190253,Positive
2184,1356479955550180,Negative
2185,1488428826614479,Negative
2186,1496020576570085,Negative
2187,1673508416284493,Positive
2188,1120643546457875,Negative
2189,1099911534433380,Positive
2190,1054649073160784,Negative
2191,1338471504013517,Negative
2192,1339596997494413,Negative
2193,1234047299568707,Positive
2194,1699578519069641,Negative
2195,1045909960548301,Positive
2196,110597166690429,Positive
2197,1203609759832933,Negative
2198,1526819495892115,Negative
2199,1027128200043424,Negative
2200,1485732696046772,Negative
2201,1778796472576207,Positive
2202,114951342736856,Positive
2203,1553376692826838,Negative
2204,1130279587444872,Positive
2205,1777388546976284,Negative
2206,146485996549739,Positive
2207,1244148308826379,Positive
2208,1065913239641707,Positive
2209,1414031156911783,Negative
2210,1654760324254706,Negative
2211,1162634319962517,Negative
2212,1316287725715218,Positive
2213,1774932591791273,Positive
2214,1214414038388899,Positive
2215,1200405008839907,Negative
2216,1725273806937481,Negative
2217,1204766046685320,Negative
2218,1236737351873974,Negative
2219,1481582197077405,Positive
2220,1553094700019975,Negative
2221,1619910820874087,Negative
2222,1314589055208099,Positive
2223,1605539858591580,Positive
2224,1587696858800989,Positive
2225,167876317406036,Negative
2226,1477426703580165,Positive
2227,1003443492244003,Negative
2228,1448892646342056,Positive
2229,1063379563463447,Positive
2230,1108804473185652,Negative
2231,1023466084561659,Positive
2232,1633818083091087,Positive
2233,1464113741277105,Negative
2234,1019281602491433,Positive
2235,155675349435429,Positive
2236,1373510914041277,Negative
2237,1003911505089218,Positive
2238,1192902109236709,Negative
2239,1176293876173162,Negative
2240,173390620423159,Negative
2241,1333001108684806,Negative
2242,1368052866426755,Positive
2243,1249053190803294,Positive
2244,1122211383346579,Positive
2245,1507200221267637,Negative
2246,1474035584157656,Negative
2247,1452964295425226,Negative
2248,1665742996705711,Negative
2249,1059277125647286,Positive
2250,1627462452603144,Negative
2251,1714036733072897,Negative
2252,1191938773132747,Positive
2253,1319723120210694,Positive
2254,1666772844709019,Positive
2255,1044941830435951,Positive
2256,1237465375198581,Negative
2257,152290711159839,Negative
2258,1090855584095139,Negative
2259,1604503349881132,Positive
2260,1443486824898465,Positive
2261,1202259119179143,Positive
2262,1553432048827055,Positive
2263,1085902851711498,Negative
2264,168852334952683,Negative
2265,1391001265015985,Negative
2266,1532213743746641,Positive
2267,1545910537072904,Negative
2268,1548717535926231,Negative
2269,1596298270545268,Positive
2270,1751320366898987,Positive
2271,1674669328200136,Negative
2272,1536018151915346,Negative
2273,106690868540626,Negative
2274,1743244524262165,Positive
2275,1755183529032108,Negative
2276,1520707573161875,Negative
2277,1610535279234126,Negative
2278,1755664136562266,Positive
2279,1538508088721032,Negative
2280,102761317000232,Positive
2281,1512149513913791,Positive
2282,1553214222554887,Positive
2283,1095839023256631,Positive
2284,170791836728838,Negative
2285,1049231865011727,Positive
2286,145698503205783,Positive
2287,1776959553094447,Negative
2288,1611384964538077,Positive
2289,1655557046300237,Positive
2290,1035813174619660,Negative
2291,1195356978252526,Negative
2292,1442907939119223,Negative
2293,1705418553762160,Negative
2294,1744208040724921,Positive
2295,1070474861855111,Positive
2296,1413415707243112,Negative
2297,1022039397195566,Negative
2298,1175258805239552,Positive
2299,1570311626352068,Negative
2300,1165335284651611,Positive
2301,1144573414245468,Positive
2302,1608986187795990,Negative
2303,1245774676826882,Negative
2304,1427006129342954,Positive
2305,1170705446812956,Positive
2306,1030837378517056,Positive
2307,1685418639484897,Positive
2308,1642092775994006,Positive
2309,1709232355064663,Positive
2310,1349883290696131,Negative
2311,177685353181379,Positive
2312,1498193512133113,Negative
2313,1596608751586594,Positive
2314,1204730197632406,Positive
2315,1382942456834969,Positive
2316,1124799698221968,Positive
2317,1092763628094265,Negative
2318,1225721603835636,Negative
2319,1051846767929742,Negative
2320,1527162906015794,Positive
2321,1546241374816018,Negative
2322,1526778396675216,Positive
2323,1151097332501519,Positive
2324,1319231499007009,Positive
2325,1424790611320087,Positive
2326,1475844499651806,Negative
2327,164778081774611,Negative
2328,1445594308453131,Positive
2329,143962155058607,Positive
2330,1123954839961234,Negative
2331,1324901691718463,Negative
2332,1099733910397738,Negative
2333,1715668098603876,Positive
2334,1035264215402492,Positive
2335,1701499709554588,Negative
2336,1671741934617052,Negative
2337,1420388239814821,Positive
2338,1422913875184133,Positive
2339,1679199036347590,Negative
2340,1374863788518994,Positive
2341,1363869515651034,Positive
2342,1623016354689475,Negative
2343,176871739152657,Negative
2344,1126612598448512,Negative
2345,1173144155710214,Negative
2346,1631752464574708,Negative
2347,1710951214512704,Positive
2348,1591787059352001,Positive
2349,1515115909793920,Negative
2350,1196809643333657,Negative
2351,1094441451251434,Positive
2352,1443683140428079,Positive
2353,171594520999429,Positive
2354,1649648360750171,Negative
2355,1176547958943060,Positive
2356,111981498965187,Negative
2357,1720762165863270,Positive
2358,16759621761228,Negative
2359,1631971961440342,Negative
2360,1334806489471099,Positive
2361,1155220252213027,Positive
2362,1726063347278150,Positive
2363,132878023115479,Positive
2364,1166940355944742,Negative
2365,1200743988295244,Positive
2366,1612391708254315,Positive
2367,1442229266968603,Negative
2368,1777183048430321,Positive
2369,1565534221397168,Negative
2370,1699898930766480,Negative
2371,178978918164330,Positive
2372,1613249313244345,Negative
2373,1761855822308096,Negative
2374,1712612961706958,Negative
2375,1136349802274485,Negative
2376,1113768550054721,Negative
2377,1594243949743944,Positive
2378,1240241561008060,Negative
2379,1330553804823628,Positive
2380,1318213605682212,Positive
2381,1533189134459368,Negative
2382,1391146200421551,Positive
2383,146267005595767,Negative
2384,1725320298195762,Positive
2385,1180952803286330,Positive
2386,1545658982792325,Positive
2387,1546150408565929,Positive
2388,1588490460912208,Positive
2389,1238453724272558,Positive
2390,1020533210384539,Negative
2391,1668515035508967,Positive
2392,1341820102887263,Negative
2393,1202314983447570,Positive
2394,1195866843902808,Negative
2395,1215949638247667,Negative
2396,1504884533837558,Negative
2397,1749816607091123,Negative
2398,1114793671956976,Negative
2399,1428388472446376,Negative
2400,1052557565630790,Negative
2401,1472538194353717,Negative
2402,1404198778963921,Positive
2403,1174826699649895,Positive
2404,13815227205850,Negative
2405,1073369413480898,Negative
2406,1134955028528811,Negative
2407,1741240420053947,Negative
2408,1236965796619597,Positive
2409,1487598816080456,Negative
2410,1446272555504717,Positive
2411,1586234384838246,Negative
2412,1070477812714352,Negative
2413,1672398729791542,Negative
2414,1231242783268182,Positive
2415,1503108375891177,Negative
2416,1753886348489340,Negative
2417,1102663776608331,Positive
2418,1007354566939277,Negative
2419,1487425266969044,Positive
2420,1230048459807864,Positive
2421,1773723290502728,Positive
2422,1543773533490270,Positive
2423,1011688648681388,Negative
2424,116855265678925,Negative
2425,1244681304352239,Positive
2426,1093890739218351,Positive
2427,1369132277330450,Negative
2428,1653743053187093,Negative
2429,1712863587238636,Negative
2430,1108957647634569,Positive
2431,1556580444527965,Positive
2432,1549172037109831,Positive
2433,104480076006649,Positive
2434,1662323923604002,Negative
2435,1453205427415564,Negative
2436,1615159410614728,Positive
2437,1775430722267175,Positive
2438,1688495789451338,Positive
2439,1747758888077355,Negative
2440,1604087702896598,Negative
2441,102831403162638,Positive
2442,1106451972351638,Negative
2443,133608961986917,Positive
2444,1416642052718285,Positive
2445,1716510736204966,Positive
2446,1005196592117911,Positive
2447,146308654336961,Negative
2448,1160778061878400,Negative
2449,1337756102923815,Negative
2450,138987242622874,Negative
2451,134101135526598,Positive
2452,1622014093525342,Positive
2453,1332771734619285,Positive
2454,1013501744715983,Negative
2455,1752059511970647,Positive
2456,158093144968012,Negative
2457,1622398607465618,Positive
2458,1531699241753519,Negative
2459,1098917200296876,Positive
2460,1560079010177612,Positive
2461,1080275362997805,Positive
2462,1479602309984251,Positive
2463,1056298833807871,Positive
2464,1785993020108415,Negative
2465,1154748816096754,Negative
2466,1568881846565710,Negative
2467,1222021053841826,Negative
2468,1083449323508571,Positive
2469,140626249797131,Negative
2470,1101372873264891,Negative
2471,1644087366842070,Positive
2472,1343847423592236,Negative
2473,1372550670374502,Negative
2474,159238472257772,Positive
2475,1589149128650842,Positive
2476,1623498635003754,Negative
2477,157550822085717,Positive
2478,1064634118482028,Positive
2479,1380107491083733,Negative
2480,1136569616530614,Positive
2481,1399674877752441,Positive
2482,122589186720136,Positive
2483,1466270067831121,Negative
2484,1097186296601303,Positive
2485,1610761596687612,Negative
2486,1646113342365506,Negative
2487,1722117000737797,Positive
2488,1751247700047571,Positive
2489,124750845340076,Positive
2490,1225858321466790,Positive
2491,1349733301031632,Negative
2492,1041238485119814,Negative
2493,1643093965813708,Negative
2494,1522696800186017,Positive
2495,1456950774632359,Positive
2496,1382341926480923,Negative
2497,1127855001795730,Positive
2498,1732797784927327,Negative
2499,1487711253371539,Negative
2500,1624553074783020,Positive
2501,1160821139151950,Negative
2502,1077671563571552,Positive
2503,1523904620767758,Negative
2504,153297759975710,Negative
2505,1763516111733959,Positive
2506,1248353632924270,Positive
2507,1714367208982667,Positive
2508,1316451399432817,Negative
2509,1438476264461604,Positive
2510,1531250953564410,Negative
2511,1315742944217282,Negative
2512,1059568926407906,Positive
2513,1038428321939909,Negative
2514,1186068130941732,Negative
2515,1006034448838016,Positive
2516,1761152281433191,Negative
2517,1566949987059743,Positive
2518,1144786135752814,Positive
2519,1727839691910694,Positive
2520,1134137802997187,Negative
2521,1353331532191031,Positive
2522,176835130951026,Positive
2523,1656430575458201,Negative
2524,1100086164167746,Negative
2525,1315388153023436,Positive
2526,1655522625448150,Negative
2527,1455385367320925,Positive
2528,1076479021000911,Negative
2529,1624865119736274,Positive
2530,1588282324866587,Positive
2531,1356353391979727,Positive
2532,1160659442616247,Negative
2533,1101313185271205,Negative
2534,1223799276196533,Positive
2535,1447398992159338,Negative
2536,1421474726491298,Negative
2537,1023592435857211,Positive
2538,1143137277026108,Positive
2539,1716031228689061,Positive
2540,1738702405867951,Negative
2541,1000016480768558,Positive
2542,1689767177249584,Negative
2543,1088730498845879,Negative
2544,151896537136234,Positive
2545,1143661960877915,Positive
2546,1017713224157120,Negative
2547,1564782799961973,Positive
2548,1517851618278944,Positive
2549,1718604518076735,Negative
2550,1478924222556298,Negative
2551,1472036523503161,Negative
2552,1715334182548434,Positive
2553,1209839860165058,Positive
2554,1579995218183742,Negative
2555,1041975818842341,Negative
2556,1405384182396592,Negative
2557,1346321067824919,Negative
2558,1497148751069399,Negative
2559,1109428951615884,Negative
2560,1678265800847213,Positive
2561,1039065790962364,Negative
2562,1137517322846570,Negative
2563,1248447915900549,Positive
2564,1088163444463059,Negative
2565,1033400313856555,Positive
2566,1645578311977381,Positive
2567,1102208345388166,Positive
2568,1557290435161612,Positive
2569,1321180162668493,Negative
2570,1372179189643607,Negative
2571,1568538544916249,Negative
2572,1028943467124482,Positive
2573,1673714383972880,Negative
2574,1430663262158438,Positive
2575,1125372857944810,Negative
2576,1074488223002640,Positive
2577,1391967121131425,Positive
2578,1382985150450702,Negative
2579,1629703678132216,Negative
2580,1735451581422351,Negative
2581,1331036679936993,Positive
2582,1742402931980965,Negative
2583,1197372999656987,Negative
2584,1362349798618121,Negative
2585,1188036435276347,Negative
2586,1528689762287696,Negative
2587,1574510719695896,Negative
2588,1681605081404611,Positive
2589,1576650264397844,Negative
2590,1021094860614972,Negative
2591,1233137321618521,Positive
2592,1603894547601331,Positive
2593,161655107726851,Negative
2594,1561513844354347,Positive
2595,1543233224349885,Positive
2596,1041212434944039,Positive
2597,1593182511402284,Positive
2598,1750308973735329,Negative
2599,1193919724292207,Negative
2600,1330562983195173,Negative
2601,1485873997725204,Negative
2602,1055112887645382,Positive
2603,1406340949278889,Positive
2604,1722037129268552,Positive
2605,1683449150629276,Positive
2606,1407555195012688,Positive
2607,116901290597315,Positive
2608,1172736374483204,Negative
2609,1367395816034432,Negative
2610,1496463876909235,Negative
2611,1420888975989523,Negative
2612,1207198689649223,Positive
2613,1069685134980629,Negative
2614,1024263230885973,Positive
2615,1757865267968806,Negative
2616,1248445157928847,Negative
2617,1641054212930222,Negative
2618,1690115951744287,Negative
2619,1166481862879556,Negative
2620,106910708285967,Positive
2621,1448784829050211,Positive
2622,1370583996057036,Positive
2623,1099123582198977,Positive
2624,1761469191872363,Negative
2625,1324120101173135,Negative
2626,1227264250149479,Negative
2627,1714255870634497,Positive
2628,1706960872298680,Positive
2629,1722012608946470,Positive
2630,1491521857310230,Positive
2631,1736735796601306,Positive
2632,1208856814197571,Positive
2633,1776649237841163,Negative
2634,1626324172112660,Positive
2635,1145885431496949,Positive
2636,1172494651971486,Negative
2637,1725678029440081,Negative
2638,1103983355159252,Positive
2639,1131788096552180,Positive
2640,1484656397883556,Positive
2641,1116215400537672,Positive
2642,1198177687249156,Positive
2643,155390553772080,Positive
2644,1215609421252710,Positive
2645,1512297125485879,Positive
2646,1335081994705244,Negative
2647,1682397302210355,Positive
2648,1555296041593032,Positive
2649,1750493467072456,Negative
2650,1130205268257817,Negative
2651,1396383686508126,Positive
2652,1575173809215305,Negative
2653,1234387078844457,Negative
2654,1403383732473823,Positive
2655,1066534517130610,Positive
2656,1548422181752961,Positive
2657,173059376744150,Positive
2658,1417989800962628,Positive
2659,1066202590066780,Positive
2660,1136574379775896,Positive
2661,1189075065065395,Positive
2662,147091064319924,Positive
2663,1380001555418401,Negative
2664,1214201222043648,Positive
2665,159267879425907,Negative
2666,1205116369439743,Negative
2667,1598005493661200,Positive
2668,1421765733518844,Positive
2669,1355560086889031,Positive
2670,1162704477045153,Negative
2671,1194300353033221,Positive
2672,1461417622125080,Positive
2673,1134911226292258,Positive
2674,145367334467624,Negative
2675,1077444406412634,Negative
2676,1236757425363885,Positive
2677,1455281000435230,Positive
2678,1415526551088380,Negative
2679,1452473228658891,Positive
2680,1090810316431048,Positive
2681,1010444971639026,Positive
2682,1545472375731223,Positive
2683,1593914091598646,Negative
2684,1689371835552753,Positive
2685,1764118820101903,Negative
2686,1053856741680723,Negative
2687,142965657951205,Negative
2688,1032020983595745,Negative
2689,1757447582267631,Positive
2690,133104868579085,Positive
2691,1493114251488024,Positive
2692,165862123164901,Negative
2693,1239978611738501,Positive
2694,1353767297870046,Positive
2695,114151434632345,Positive
2696,139393165964640,Negative
2697,1544318257234857,Positive
2698,1123050660472419,Negative
2699,1349608729385980,Positive
2700,1623624996019023,Positive
2701,1675942502985124,Negative
2702,1575691466917682,Positive
2703,1648614302212794,Negative
2704,1023560350375381,Positive
2705,1112940710706775,Positive
2706,1627283808579622,Negative
2707,1118910231327788,Positive
2708,1156910777809442,Positive
2709,1084271542196484,Negative
2710,1150439320659377,Negative
2711,1196320461698331,Positive
2712,1716611485780517,Negative
2713,1141348129721285,Negative
2714,168790733095813,Positive
2715,118502092048315,Negative
2716,1592150658889045,Positive
2717,1029716557454810,Negative
2718,1317232468443073,Negative
2719,1555401610678473,Negative
2720,1157005901439648,Positive
2721,1559250099355351,Positive
2722,1692796036797185,Negative
2723,1501855635172472,Negative
2724,1396076320730477,Negative
2725,1055992063867228,Positive
2726,1099476465078406,Positive
2727,1201670782848084,Negative
2728,144783539787574,Negative
2729,1316440083360820,Negative
2730,1352204011269523,Positive
2731,1450332070123286,Negative
2732,1510718566339617,Positive
2733,1700855797461305,Negative
2734,11380050244209,Negative
2735,1073054770258176,Positive
2736,1704976399390977,Negative
2737,1388044439950567,Negative
2738,143330225540134,Negative
2739,1671384467150948,Negative
2740,1323372852691594,Negative
2741,1103172720179461,Negative
2742,1560891387834284,Positive
2743,10197186744847,Positive
2744,1320327613702009,Negative
2745,1742078365108385,Negative
2746,1133405100758847,Negative
2747,1629413985778102,Positive
2748,1346799738662416,Positive
2749,122158637577855,Positive
2750,1432171026888666,Positive
2751,1446184546236740,Negative
2752,1761702309236801,Positive
2753,1329790198527446,Positive
2754,1600472576831614,Positive
2755,1456770584365899,Negative
2756,1024327103317106,Negative
2757,1171166275322607,Positive
2758,1170135919599829,Negative
2759,1060165037331902,Negative
2760,1612645192297212,Negative
2761,1778864349458116,Positive
2762,1717308062448767,Negative
2763,1546862109474126,Positive
2764,1634565940592829,Negative
2765,1367702104303618,Positive
2766,1559047061034869,Positive
2767,1321446405875295,Positive
2768,1373451936182938,Negative
2769,1001169259026054,Negative
2770,141753909234843,Negative
2771,1240904029179342,Negative
2772,1116342319491701,Positive
2773,1676999066291348,Positive
2774,1756869665940803,Positive
2775,1722401731521382,Positive
2776,1180924531609003,Negative
2777,1392309590461935,Positive
2778,172744758933518,Positive
2779,1189844355852112,Positive
2780,1658070355824633,Negative
2781,1321962168567689,Negative
2782,1451149685026197,Negative
2783,1526590576727297,Negative
2784,160326049136401,Negative
2785,144958712049606,Positive
2786,1734372707188731,Positive
2787,1448945583286799,Negative
2788,1471123223758425,Negative
2789,1697759703230522,Positive
2790,1394955694757691,Negative
2791,1348902490247757,Negative
2792,1789125398852935,Positive
2793,1329542660438469,Negative
2794,1028241648956402,Positive
2795,1010952036496784,Negative
2796,1438476613795430,Positive
2797,1133246463154351,Positive
2798,1613509092650398,Positive
2799,1464813627073337,Negative
2800,1736430689350627,Positive
2801,1629744378067564,Positive
2802,134500938925210,Positive
2803,1597110818434042,Positive
2804,1103060263667844,Positive
2805,1537426862352950,Negative
2806,1681384359669036,Positive
2807,1394632566733831,Negative
2808,1658139586861234,Positive
2809,1080499747801655,Positive
2810,1731112684245270,Positive
2811,1492005871501737,Positive
2812,1759059476773277,Negative
2813,1567775687116381,Negative
2814,1726638538028022,Positive
2815,1688321064628209,Positive
2816,1347409332954103,Positive
2817,1606869567310440,Negative
2818,1078182797026066,Positive
2819,1047086207938129,Negative
2820,1730114987207464,Positive
2821,1370623382244727,Negative
2822,1187225920415428,Negative
2823,1379432025273533,Negative
2824,1604822626407015,Negative
2825,1597824265046005,Positive
2826,1726734033593022,Negative
2827,1406391047857169,Negative
2828,1380830690098034,Positive
2829,1628805419235248,Negative
2830,1375689569885335,Negative
2831,1623791621258084,Negative
2832,1537281851310640,Negative
2833,1775200599837967,Positive
2834,1580944438500122,Negative
2835,1154904632569113,Negative
2836,1035644495365359,Positive
2837,1342502659223513,Positive
2838,168449837853888,Positive
2839,1536364390460079,Positive
2840,1539332889913743,Positive
2841,175685251087374,Positive
2842,1643761532374031,Negative
2843,1149087561237486,Positive
2844,1579415095924155,Negative
2845,1167033954317663,Positive
2846,1151558115068187,Positive
2847,1524068223641009,Negative
2848,1757522946714830,Negative
2849,1649844194114806,Negative
2850,1368273441413055,Positive
2851,1072381738215450,Positive
2852,1419862297872425,Negative
2853,1547690159797604,Negative
2854,1424227532846407,Negative
2855,1389989441945437,Negative
2856,1501461618614361,Positive
2857,1175488921253315,Positive
2858,1705115054447951,Positive
2859,1469617438211463,Negative
2860,1703557539018131,Negative
2861,1158265071784974,Positive
2862,1756886928213487,Negative
2863,1603355158930019,Positive
2864,1483926670491836,Positive
2865,1088670510904738,Negative
2866,1176024822995894,Negative
2867,1459053114708067,Negative
2868,1395785657342193,Positive
2869,1746932348109220,Positive
2870,1746313536870503,Positive
2871,1600887275453813,Negative
2872,1120142712033865,Positive
2873,1368933373772155,Positive
2874,1204435373336948,Negative
2875,1544111921668163,Negative
2876,173503730787659,Positive
2877,1153761972062254,Negative
2878,1556671443310708,Positive
2879,1150750554344958,Positive
2880,1526202893808718,Negative
2881,1432150240970072,Positive
2882,1095345286815478,Negative
2883,1026273887274405,Negative
2884,1040592974533970,Negative
2885,1048132999459635,Negative
2886,1501945120929888,Negative
2887,1557010617289456,Negative
2888,170790031767370,Negative
2889,1516502867028729,Negative
2890,1730669600578260,Positive
2891,1632349006072597,Negative
2892,1716733609295350,Negative
2893,1220548292388971,Positive
2894,1018643807075586,Positive
2895,1095938000061428,Positive
2896,1239773764956074,Negative
2897,1138554741543580,Negative
2898,1525824038402066,Positive
2899,1379570695172582,Negative
2900,1633857341618726,Negative
2901,1014920341911477,Negative
2902,1126147416260012,Negative
2903,1318280511150200,Positive
2904,1233966778579180,Negative
2905,1607721201810672,Negative
2906,1693215645636733,Positive
2907,1777103371159817,Positive
2908,1231362594929513,Negative
2909,1324601781817659,Negative
2910,1623291657041743,Positive
2911,1588600620791989,Negative
2912,1000094138882661,Negative
2913,1162244550964516,Positive
2914,1413818977545496,Positive
2915,1133575713876144,Negative
2916,1684648561514869,Positive
2917,1534399118495778,Negative
2918,1496734223430947,Positive
2919,1752635389001902,Negative
2920,1589850284606191,Positive
2921,1765664581337247,Negative
2922,1730763150736122,Positive
2923,1110984867957263,Negative
2924,1168557342055326,Negative
2925,1778148652105584,Negative
2926,1723230981416612,Positive
2927,1613994221044905,Positive
2928,1044302097228442,Positive
2929,1770332655753298,Negative
2930,1561866190330375,Positive
2931,1102415463042603,Negative
2932,1629119582159133,Positive
2933,1131844305475041,Positive
2934,177135232766616,Negative
2935,1166486441476938,Positive
2936,1454236887489133,Negative
2937,1351154284731663,Negative
2938,114386150495690,Negative
2939,1128710532221874,Negative
2940,1375914279307794,Negative
2941,123943809017016,Positive
2942,1389305315302374,Negative
2943,1229956358316768,Negative
2944,1196232903204091,Positive
2945,1149670045472643,Positive
2946,1403661016438633,Positive
2947,1111377774292211,Positive
2948,1184553320605310,Positive
2949,136348722110307,Positive
2950,1174528921456555,Negative
2951,1208263748809416,Positive
2952,1584628343268684,Positive
2953,163765706314417,Positive
2954,1687882833882605,Positive
2955,1155957674987857,Positive
2956,143149913261382,Negative
2957,17568129293599,Negative
2958,1347136245115590,Positive
2959,1090675233455331,Positive
2960,105813482581640,Negative
2961,1128146625152129,Positive
2962,1767488476878624,Positive
2963,1159799460700548,Positive
2964,1768539147431652,Positive
2965,1740892808966617,Negative
2966,1704871840495628,Positive
2967,1354641292977089,Positive
2968,1188666988087155,Positive
2969,1512334772643803,Negative
2970,1646863244494496,Positive
2971,1512392146791662,Positive
2972,120608082032626,Positive
2973,1595011335441045,Negative
2974,1027134275487031,Positive
2975,1051828691060490,Negative
2976,1498215595468074,Positive
2977,1505052433794520,Positive
2978,1392194630447759,Negative
2979,170098097370591,Positive
2980,1418936492650524,Positive
2981,167788053403200,Negative
2982,1063399957524625,Positive
2983,1417933870972291,Negative
2984,155662257249124,Negative
2985,1716135533244698,Negative
2986,1146205969516219,Positive
2987,1053698105121847,Negative
2988,1143763778381825,Positive
2989,1521291782292155,Negative
2990,1204171361078566,Positive
2991,176284908506146,Negative
2992,1547844104638474,Positive
2993,1407894393842638,Positive
2994,1695609039879636,Negative
2995,1231930746972117,Negative
2996,1108333143540132,Negative
2997,1408078122679824,Negative
2998,1704922902361006,Positive
2999,157877524561266,Positive
3000,1101869314368383,Negative
3001,144223464484686,Positive
3002,104168827050522,Negative
3003,1555612418169753,Negative
3004,1610621169924266,Negative
3005,1091839137529634,Negative
3006,1053289445070826,Negative
3007,17234214053852,Positive
3008,1674998519396948,Positive
3009,1391709592159740,Positive
3010,1406561010650825,Positive
3011,1690106192630040,Positive
3012,1090580540512578,Negative
3013,153785401037179,Positive
3014,1522768546843332,Positive
3015,1224488420011090,Positive
3016,160191865980633,Negative
3017,1213370677634012,Negative
3018,1174192332352061,Negative
3019,156853799179916,Positive
3020,1656726170404373,Negative
3021,153469194143777,Positive
3022,1152023900228181,Negative
3023,1707525935677033,Positive
3024,1686526238947186,Positive
3025,1003011347500746,Negative
3026,1538398499083126,Positive
3027,102028860534776,Negative
3028,1394021681453036,Negative
3029,1226333422954536,Positive
3030,1471013371176146,Negative
3031,1185800779279439,Negative
3032,1114037420912263,Negative
3033,1332841291094221,Positive
3034,1644551533071337,Positive
3035,1409159085211207,Positive
3036,1785327215345571,Positive
3037,134715575389720,Negative
3038,1165175647082633,Negative
3039,1590419079202990,Negative
3040,175859801555713,Negative
3041,1026167598771743,Positive
3042,1223026033634161,Negative
3043,1206759892980692,Positive
3044,1376303369876036,Positive
3045,1473354550250938,Positive
3046,1334120001793253,Positive
3047,122797514260767,Positive
3048,1736820670029075,Negative
3049,1410977372601150,Negative
3050,10002760868742,Positive
3051,1437687511089871,Negative
3052,1481620052126201,Positive
3053,1208847360636263,Negative
3054,1568626083069834,Negative
3055,1496738300469868,Negative
3056,178052168548362,Negative
3057,1072269477391273,Positive
3058,1130216746746029,Positive
3059,1110845434407333,Positive
3060,161293336342350,Negative
3061,1404819803356310,Positive
3062,1576274257690010,Positive
3063,1759939734552725,Negative
3064,1231229448716024,Positive
3065,1630890387798944,Positive
3066,1559000240232471,Positive
3067,1765828302983070,Positive
3068,1120551876826453,Negative
3069,1372491750107297,Negative
3070,1656972499367359,Negative
3071,1568709727408050,Negative
3072,1713313437956985,Positive
3073,174793405361760,Positive
3074,106822971686113,Positive
3075,106930729798879,Positive
3076,1352175754471258,Negative
3077,1645389864907521,Positive
3078,1569714852239038,Positive
3079,1588923474550114,Negative
3080,1715294122480702,Negative
3081,113002705732575,Positive
3082,1435887842641357,Negative
3083,1722791573816394,Negative
3084,1425575423949902,Negative
3085,1624802507667414,Negative
3086,1394067498371002,Positive
3087,1329558857332463,Negative
3088,1236043282465771,Negative
3089,1770991302079269,Negative
3090,1071533701275056,Positive
3091,1621548651710378,Positive
3092,1056570402688093,Negative
3093,1332606739675358,Negative
3094,1543291582084052,Negative
3095,1444347265350684,Positive
3096,1178642354838044,Positive
3097,175425061606555,Positive
3098,1643812502709603,Negative
3099,1524968102445856,Negative
3100,1768899072610503,Negative
3101,1641899319909610,Positive
3102,1242610241594415,Positive
3103,1068993034455883,Negative
3104,1614895070024730,Positive
3105,1535484759792949,Positive
3106,1659950483942128,Negative
3107,1461310075647897,Positive
3108,161923032882229,Negative
3109,1633149218765355,Positive
3110,1369523298995970,Positive
3111,1669475202878636,Negative
3112,1353157372968072,Positive
3113,1749419303894085,Negative
3114,1342560814375496,Positive
3115,1064109411475531,Positive
3116,1226532416264683,Negative
3117,1422412074630402,Negative
3118,1206563619723272,Positive
3119,1580641536367217,Positive
3120,1681393856299362,Negative
3121,1388719914524179,Negative
3122,1566880943712082,Negative
3123,1401650714061642,Negative
3124,1178248811737704,Negative
3125,1243022620326097,Negative
3126,132868429203573,Negative
3127,1079790626171562,Positive
3128,136874688902897,Negative
3129,144975048832182,Negative
3130,118300865875465,Negative
3131,158438076872786,Negative
3132,1420833261225369,Negative
3133,1422816850004291,Negative
3134,1095682547485006,Positive
3135,1520667568563671,Positive
3136,1179820539548522,Negative
3137,160434015309562,Negative
3138,1177373939858424,Negative
3139,1371500034788413,Negative
3140,1752917152975941,Positive
3141,1715665306409107,Negative
3142,1735326337316407,Negative
3143,1413394911037526,Negative
3144,1060503194375872,Positive
3145,123586377907187,Positive
3146,1629333916754490,Positive
3147,1160280777153214,Positive
3148,1235478647465539,Negative
3149,1394675511180268,Positive
3150,1365520600949285,Negative
3151,1449468109224981,Negative
3152,1464504429808422,Negative
3153,1216002216498333,Positive
3154,1409874103207728,Negative
3155,1391937710604013,Negative
3156,1654114491177703,Negative
3157,1418474881295096,Negative
